PROV1;The World;;;;;;;;;;;;;;x
PROV2;Chalkis;;;;;;;;;;;;;;x
c_chalcis_adj;Chalkidian;;;;;;;;;;;;;;x
PROV3;Eretria;;;;;;;;;;;;;;x
c_eretria_adj;Eretrian;;;;;;;;;;;;;;x
PROV4;Andros;;;;;;;;;;;;;;x
c_andros_adj;Andrian;;;;;;;;;;;;;;x
PROV5;Naxos;;;;;;;;;;;;;;x
c_naxos_adj;Naxian;;;;;;;;;;;;;;x
PROV6;Kephallenia;;;;;;;;;;;;;;x
c_cephalonia_adj;Kephallenia;;;;;;;;;;;;;;x
PROV7;Korkyra;;;;;;;;;;;;;;x
c_corfu_adj;Korkyran;;;;;;;;;;;;;;x
PROV8;Kydonia;;;;;;;;;;;;;;x
c_kydonia_adj;Kydonian;;;;;;;;;;;;;;x
PROV9;Knossos;;;;;;;;;;;;;;x
c_knossos_adj;Knossian;;;;;;;;;;;;;;x
PROV10;Karpathos;;;;;;;;;;;;;;x
c_karpathos_adj;Karpathian;;;;;;;;;;;;;;x
PROV11;Rhodos;;;;;;;;;;;;;;x
c_rhodos_adj;Rhodian;;;;;;;;;;;;;;x
PROV12;Kos;;;;;;;;;;;;;;x
c_kos_adj;Koan;;;;;;;;;;;;;;x
PROV13;Samos;;;;;;;;;;;;;;x
c_samos_adj;Samian;;;;;;;;;;;;;;x
PROV14;Chios;;;;;;;;;;;;;;x
c_chios_adj;Chian;;;;;;;;;;;;;;x
PROV15;Lesbos;;;;;;;;;;;;;;x
c_lesbos_adj;Lesbian;;;;;;;;;;;;;;x
PROV16;Lemnos;;;;;;;;;;;;;;x
c_lemnos_adj;Lemnian;;;;;;;;;;;;;;x
PROV17;Sporades;;;;;;;;;;;;;;x
c_sporades_adj;Sporadian;;;;;;;;;;;;;;x
PROV18;Attike;;;;;;;;;;;;;;x
c_athens_adj;Attican;;;;;;;;;;;;;;x
PROV19;Boiotia;;;;;;;;;;;;;;x
c_thebes_adj;Boiotian;;;;;;;;;;;;;;x
PROV20;Phokis;;;;;;;;;;;;;;x
c_delphi_adj;Phocian;;;;;;;;;;;;;;x
PROV21;Korinthia;;;;;;;;;;;;;;x
c_corinth_adj;Korinthian;;;;;;;;;;;;;;x
PROV22;Argolis;;;;;;;;;;;;;;x
c_argos_adj;Argolian;;;;;;;;;;;;;;x
PROV23;Lakedaimon;;;;;;;;;;;;;;x
c_sparta_adj;Lakedaimonian;;;;;;;;;;;;;;x
PROV24;Messenia;;;;;;;;;;;;;;x
c_messene_adj;Messenian;;;;;;;;;;;;;;x
PROV25;Arkadia;;;;;;;;;;;;;;x
c_megalopolis_adj;Arkadian;;;;;;;;;;;;;;x
PROV26;Elis;;;;;;;;;;;;;;x
c_olympia_adj;Elian;;;;;;;;;;;;;;x
PROV27;Achaia;;;;;;;;;;;;;;x
c_patras_adj;Achaian;;;;;;;;;;;;;;x
PROV28;Aitolia;;;;;;;;;;;;;;x
c_thermos_adj;Aitolian;;;;;;;;;;;;;;x
PROV29;Thesprotia;;;;;;;;;;;;;;x
c_thesprotia_adj;Thesprotian;;;;;;;;;;;;;;x
PROV30;Molossis;;;;;;;;;;;;;;x
c_ilium_adj;Molossian;;;;;;;;;;;;;;x
PROV31;Chaonia;;;;;;;;;;;;;;x
c_chaonia_adj;Chaonian;;;;;;;;;;;;;;x
PROV32;Pherai;;;;;;;;;;;;;;x
c_lamia_adj;Pheraian;;;;;;;;;;;;;;x
PROV33;Larissa;;;;;;;;;;;;;;x
c_larissa_adj;Larissan;;;;;;;;;;;;;;x
PROV34;Pella;;;;;;;;;;;;;;x
c_pella_adj;Pellan;;;;;;;;;;;;;;x
PROV35;Olynthos;;;;;;;;;;;;;;x
c_chalkidiki_adj;Olynthian;;;;;;;;;;;;;;x
PROV36;Amphipolis;;;;;;;;;;;;;;x
c_amphipolis_adj;Amphipolitan;;;;;;;;;;;;;;x
PROV37;Thasos;;;;;;;;;;;;;;x
c_thasos_adj;Thasian;;;;;;;;;;;;;;x
PROV38;Eumolpias;;;;;;;;;;;;;;x
c_philippopolis_adj;Eumolpian;;;;;;;;;;;;;;x
PROV39;Seuthopolis;;;;;;;;;;;;;;x
c_seuthopolis_adj;Seuthopolian;;;;;;;;;;;;;;x
PROV40;Kypsela;;;;;;;;;;;;;;x
c_orestias_adj;Kypselian;;;;;;;;;;;;;;x
PROV41;Maroneia;;;;;;;;;;;;;;x
c_maroneia_adj;Maroneian;;;;;;;;;;;;;;x
PROV42;Abdera;;;;;;;;;;;;;;x
c_abdera_adj;Abderan;;;;;;;;;;;;;;x
PROV43;Amantia;;;;;;;;;;;;;;x
c_amantia_adj;Amantian;;;;;;;;;;;;;;x
PROV44;Perinthos;;;;;;;;;;;;;;x
c_perinthus_adj;Perinthian;;;;;;;;;;;;;;x
PROV45;Byzantion;;;;;;;;;;;;;;x
c_byzantion_adj;Byzantine;;;;;;;;;;;;;;x
PROV46;Apollonia;;;;;;;;;;;;;;x
c_apollonia_adj;Apollonian;;;;;;;;;;;;;;x
PROV47;Odessos;;;;;;;;;;;;;;x
c_odessos_adj;Odessan;;;;;;;;;;;;;;x
PROV48;Histria;;;;;;;;;;;;;;x
c_histria_adj;Histrian;;;;;;;;;;;;;;x
PROV49;Malis;;;;;;;;;;;;;;x
c_malis_adj;Malisian;;;;;;;;;;;;;;x
PROV50;Pharsalos;;;;;;;;;;;;;;x
c_pharsalus_adj;Pharsalian;;;;;;;;;;;;;;x
PROV51;Arbitus;;;;;;;;;;;;;;x
c_arbitus_adj;Arbitan;;;;;;;;;;;;;;x
PROV52;Tyras;;;;;;;;;;;;;;x
c_tyras_adj;Tyran;;;;;;;;;;;;;;x
PROV53;Olbia;;;;;;;;;;;;;;x
c_olbia_adj;Olbian;;;;;;;;;;;;;;x
PROV54;Kerkinitis;;;;;;;;;;;;;;x
c_kerkinitis_adj;Kerkinitan;;;;;;;;;;;;;;x
PROV55;Pantikapaion;;;;;;;;;;;;;;x
c_pantikapaion_adj;Pantikapaian;;;;;;;;;;;;;;x
PROV56;Phanagoria;;;;;;;;;;;;;;x
c_phanagoria_adj;Phanagorian;;;;;;;;;;;;;;x
PROV57;Tanais;;;;;;;;;;;;;;x
c_tanais_adj;Tanaian;;;;;;;;;;;;;;x
PROV58;Akarnania;;;;;;;;;;;;;;x
c_stratus_adj;Akarnanian;;;;;;;;;;;;;;x
PROV59;Lynkestis;;;;;;;;;;;;;;x
c_orestis_adj;Lynkestian;;;;;;;;;;;;;;x
PROV60;Elimeia;;;;;;;;;;;;;;x
c_pyli_adj;Elimiote;;;;;;;;;;;;;;x
PROV61;Epidamnos;;;;;;;;;;;;;;x
c_epidamnos_adj;Epidamnian;;;;;;;;;;;;;;x
PROV62;Ambrakia;;;;;;;;;;;;;;x
c_ambracia_adj;Ambracian;;;;;;;;;;;;;;x
PROV63;Parthini;;;;;;;;;;;;;;x
c_parthus_adj;Parthinian;;;;;;;;;;;;;;x
PROV64;Scodra;;;;;;;;;;;;;;x
c_scodra_adj;Scodrian;;;;;;;;;;;;;;x
PROV65;Stobi;;;;;;;;;;;;;;x
c_stobi_adj;Stobian;;;;;;;;;;;;;;x
PROV66;Epidaurum;;;;;;;;;;;;;;x
c_epidaurum_adj;Epidaurian;;;;;;;;;;;;;;x
PROV67;Paroikopolis;;;;;;;;;;;;;;x
c_paroikopolis_adj;Paroikopolitan;;;;;;;;;;;;;;x
PROV68;Ulpiana;;;;;;;;;;;;;;x
c_ulpiana_adj;Ulpianan;;;;;;;;;;;;;;x
PROV69;Delminium;;;;;;;;;;;;;;x
c_delminium_adj;Delminian;;;;;;;;;;;;;;x
PROV70;Iader;;;;;;;;;;;;;;x
c_iader_adj;Iaderian;;;;;;;;;;;;;;x
PROV71;Parentium;;;;;;;;;;;;;;x
c_parentium_adj;Parentian;;;;;;;;;;;;;;x
PROV72;Singidunum;;;;;;;;;;;;;;x
c_singidunum_adj;Singidunian;;;;;;;;;;;;;;x
PROV73;Ratiaria;;;;;;;;;;;;;;x
c_ratiaria_adj;Ratiarian;;;;;;;;;;;;;;x
PROV74;Sala;;;;;;;;;;;;;;x
c_sala_adj;Salan;;;;;;;;;;;;;;x
PROV75;Orestis;;;;;;;;;;;;;;x
c_orestis_adj;Orestis;;;;;;;;;;;;;;x
PROV76;Troas;;;;;;;;;;;;;;x
c_abydos_adj;Troan;;;;;;;;;;;;;;x
PROV77;Pergamon;;;;;;;;;;;;;;x
c_pergamum_adj;Pergamian;;;;;;;;;;;;;;x
PROV78;Kyzikos;;;;;;;;;;;;;;x
c_cyzicus_adj;Kyzikian;;;;;;;;;;;;;;x
PROV79;Smyrne;;;;;;;;;;;;;;x
c_smyrna_adj;Smyrnan;;;;;;;;;;;;;;x
PROV80;Ephesos;;;;;;;;;;;;;;x
c_ephesus_adj;Ephesian;;;;;;;;;;;;;;x
PROV81;Sardeis;;;;;;;;;;;;;;x
c_sardis_adj;Sardeian;;;;;;;;;;;;;;x
PROV82;Miletos;;;;;;;;;;;;;;x
c_miletus_adj;Milesian;;;;;;;;;;;;;;x
PROV83;Halikarnassos;;;;;;;;;;;;;;x
c_halicarnassus_adj;Halikarnesian;;;;;;;;;;;;;;x
PROV84;Oichalia;;;;;;;;;;;;;;x
c_oichalia_adj;Oichalian;;;;;;;;;;;;;;x
PROV85;Xanthos;;;;;;;;;;;;;;x
c_xanthos_adj;Xanthosian;;;;;;;;;;;;;;x
PROV86;Termessos;;;;;;;;;;;;;;x
c_termessos_adj;Termessian;;;;;;;;;;;;;;x
PROV87;Side;;;;;;;;;;;;;;x
c_side_adj;Sidean;;;;;;;;;;;;;;x
PROV88;Daskyleion;;;;;;;;;;;;;;x
c_daskyleion_adj;Daskyleian;;;;;;;;;;;;;;x
PROV89;Alabanda;;;;;;;;;;;;;;x
c_alabanda_adj;Alabandian;;;;;;;;;;;;;;x
PROV90;Sagalassos;;;;;;;;;;;;;;x
c_sagalassos_adj;Sagalassian;;;;;;;;;;;;;;x
PROV91;Kelainai;;;;;;;;;;;;;;x
c_celaenae_adj;Kelainaian;;;;;;;;;;;;;;x
PROV92;Dorylaion;;;;;;;;;;;;;;x
c_dorylaeum_adj;Dorylaian;;;;;;;;;;;;;;x
PROV93;Ipsos;;;;;;;;;;;;;;x
c_ipsus_adj;Ipsosian;;;;;;;;;;;;;;x
PROV94;Gordion;;;;;;;;;;;;;;x
c_gordium_adj;Gordian;;;;;;;;;;;;;;x
PROV95;Pessinos ;;;;;;;;;;;;;;x
c_pessinus_adj;Pessinosian;;;;;;;;;;;;;;x
PROV96;Ankyra;;;;;;;;;;;;;;x
c_ancyra_adj;Ankyran;;;;;;;;;;;;;;x
PROV97;Kios;;;;;;;;;;;;;;x
c_cius_adj;Kian;;;;;;;;;;;;;;x
PROV98;Nikaia;;;;;;;;;;;;;;x
c_nicaea_adj;Nikaian;;;;;;;;;;;;;;x
PROV99;Astakos;;;;;;;;;;;;;;x
c_nicomedia_adj;Astakian;;;;;;;;;;;;;;x
PROV100;Herakleia;;;;;;;;;;;;;;x
c_heraclea_pontica_adj;Herakleian;;;;;;;;;;;;;;x
PROV101;Amastris;;;;;;;;;;;;;;x
c_amastris_adj;Amastrian;;;;;;;;;;;;;;x
PROV102;Sinope;;;;;;;;;;;;;;x
c_sinope_adj;Sinopian;;;;;;;;;;;;;;x
PROV103;Gangra;;;;;;;;;;;;;;x
c_gangra_adj;Gangrian;;;;;;;;;;;;;;x
PROV104;Syedra;;;;;;;;;;;;;;x
c_syedra_adj;Syedran;;;;;;;;;;;;;;x
PROV105;Kelenderis;;;;;;;;;;;;;;x
c_celenderis_adj;Kelenderian;;;;;;;;;;;;;;x
PROV106;Tarsos;;;;;;;;;;;;;;x
c_tarsus_adj;Tarsian;;;;;;;;;;;;;;x
PROV107;Adana;;;;;;;;;;;;;;x
c_adana_adj;Adanan;;;;;;;;;;;;;;x
PROV108;Ikonion;;;;;;;;;;;;;;x
c_iconium_adj;Ikonian;;;;;;;;;;;;;;x
PROV109;Lystra;;;;;;;;;;;;;;x
c_lystra_adj;Lystran;;;;;;;;;;;;;;x
PROV110;Amisos;;;;;;;;;;;;;;x
c_amisus_adj;Amisan;;;;;;;;;;;;;;x
PROV111;Polemonion;;;;;;;;;;;;;;x
c_polemonion_adj;Polemonian;;;;;;;;;;;;;;x
PROV112;Trapezous;;;;;;;;;;;;;;x
c_trapezous_adj;Trapezian;;;;;;;;;;;;;;x
PROV113;Amaseia;;;;;;;;;;;;;;x
c_amaseia_adj;Amaseian;;;;;;;;;;;;;;x
PROV114;Tyana;;;;;;;;;;;;;;x
c_tyana_adj;Tyanan;;;;;;;;;;;;;;x
PROV115;Kataonia;;;;;;;;;;;;;;x
c_cataonia_adj;Kataonian;;;;;;;;;;;;;;x
PROV116;Pteria;;;;;;;;;;;;;;x
c_pteria_adj;Pterian;;;;;;;;;;;;;;x
PROV117;Mazaka;;;;;;;;;;;;;;x
c_mazaka_adj;Mazakan;;;;;;;;;;;;;;x
PROV118;Karana;;;;;;;;;;;;;;x
c_megalopolis_cappadocia_adj;Karanan;;;;;;;;;;;;;;x
PROV119;Myriandos;;;;;;;;;;;;;;x
c_myriandos_adj;Myriandian;;;;;;;;;;;;;;x
PROV120;Rhosos;;;;;;;;;;;;;;x
c_rhosos_adj;Rhososian;;;;;;;;;;;;;;x
PROV121;Arados;;;;;;;;;;;;;;x
c_arados_adj;Aradosian;;;;;;;;;;;;;;x
PROV122;Tripolis;;;;;;;;;;;;;;x
c_tripolis_adj;Tripolitan;;;;;;;;;;;;;;x
PROV123;Byblos;;;;;;;;;;;;;;x
c_byblos_adj;Byblian;;;;;;;;;;;;;;x
PROV124;Sidon;;;;;;;;;;;;;;x
c_sidon_adj;Sidonian;;;;;;;;;;;;;;x
PROV125;Tyros;;;;;;;;;;;;;;x
c_tyrus_adj;Tyrian;;;;;;;;;;;;;;x
PROV126;Apollonia;;;;;;;;;;;;;;x
c_apollonia_israel_adj;Apollonian;;;;;;;;;;;;;;x
PROV127;Samaria;;;;;;;;;;;;;;x
c_samaria_adj;Samarian;;;;;;;;;;;;;;x
PROV128;Jericho;;;;;;;;;;;;;;x
c_jericho_adj;Jerichan;;;;;;;;;;;;;;x
PROV129;Gaza;;;;;;;;;;;;;;x
c_gaza_adj;Gazan;;;;;;;;;;;;;;x
PROV130;Hierosolyma;;;;;;;;;;;;;;x
c_jerusalem_adj;Hierosolymite;;;;;;;;;;;;;;x
PROV131;Bersabe;;;;;;;;;;;;;;x
c_beersheba_adj;Bersabean;;;;;;;;;;;;;;x
PROV132;Pelousion;;;;;;;;;;;;;;x
c_pelusium_adj;Pelousian;;;;;;;;;;;;;;x
PROV133;Rhaithou;;;;;;;;;;;;;;x
c_rhaithou_adj;Rhaithian;;;;;;;;;;;;;;x
PROV134;Berenike;;;;;;;;;;;;;;x
c_aelana_adj;Berenikaian;;;;;;;;;;;;;;x
PROV135;Tanis;;;;;;;;;;;;;;x
c_tanis_adj;Tanian;;;;;;;;;;;;;;x
PROV136;Sebennytos;;;;;;;;;;;;;;x
c_sebennytos_adj;Sebbennytian;;;;;;;;;;;;;;x
PROV137;Bouto;;;;;;;;;;;;;;x
c_bouto_adj;Boutian;;;;;;;;;;;;;;x
PROV138;Kanopos;;;;;;;;;;;;;;x
c_canopus_adj;Kanopian;;;;;;;;;;;;;;x
PROV139;Alexandreia;;;;;;;;;;;;;;x
c_alexandria_adj;Alexandreian;;;;;;;;;;;;;;x
PROV140;Heliopolis;;;;;;;;;;;;;;x
c_heliopolis_adj;Heliopolitan;;;;;;;;;;;;;;x
PROV141;Memphis;;;;;;;;;;;;;;x
c_memphis_adj;Memphian;;;;;;;;;;;;;;x
PROV142;Aphroditopolis;;;;;;;;;;;;;;x
c_aphroditopolis_adj;Aphroditopolitan;;;;;;;;;;;;;;x
PROV143;Krokodeilopolis;;;;;;;;;;;;;;x
c_crocodilopolis_adj;Krokodeilopolitan;;;;;;;;;;;;;;x
PROV144;Klysma;;;;;;;;;;;;;;x
c_clysma_adj;Klysman;;;;;;;;;;;;;;x
PROV145;Oxyrrhynchos;;;;;;;;;;;;;;x
c_oxyrhynchus_adj;Oxyrrhynchian;;;;;;;;;;;;;;x
PROV146;Qubba;;;;;;;;;;;;;;x
c_qubba_adj;Qubban;;;;;;;;;;;;;;x
PROV147;Lykopolis;;;;;;;;;;;;;;x
c_lykopolis_adj;Lykopolitan;;;;;;;;;;;;;;x
PROV148;Panopolis;;;;;;;;;;;;;;x
c_panopolis_adj;Panopolitan;;;;;;;;;;;;;;x
PROV149;Kaine;;;;;;;;;;;;;;x
c_kaine_adj;Kainian;;;;;;;;;;;;;;x
PROV150;Thebai;;;;;;;;;;;;;;x
c_thebes_egypt_adj;Theban;;;;;;;;;;;;;;x
PROV151;Persou;;;;;;;;;;;;;;x
c_persou_adj;Persan;;;;;;;;;;;;;;x
PROV152;Latopolis;;;;;;;;;;;;;;x
c_latopolis_adj;Latopolitan;;;;;;;;;;;;;;x
PROV153;Syene;;;;;;;;;;;;;;x
c_syene_adj;Syenian;;;;;;;;;;;;;;x
PROV154;Nechesia;;;;;;;;;;;;;;x
c_berenike_adj;Nechesian;;;;;;;;;;;;;;x
PROV155;Hibis;;;;;;;;;;;;;;x
c_hibis_adj;Hibian;;;;;;;;;;;;;;x
PROV156;Kysis;;;;;;;;;;;;;;x
c_kysis_adj;Kysian;;;;;;;;;;;;;;x
PROV157;Mothis;;;;;;;;;;;;;;x
c_mothis_adj;Mothian;;;;;;;;;;;;;;x
PROV158;Antiphrai;;;;;;;;;;;;;;x
c_antiphrai_adj;Antiphraian;;;;;;;;;;;;;;x
PROV159;Paraitonion;;;;;;;;;;;;;;x
c_paraetonium_adj;Paraitonian;;;;;;;;;;;;;;x
PROV160;Katabathmos;;;;;;;;;;;;;;x
c_catabathmus_adj;Katabathmian;;;;;;;;;;;;;;x
PROV161;Petras;;;;;;;;;;;;;;x
c_petras_mikros_adj;Petrian;;;;;;;;;;;;;;x
PROV162;Darnis;;;;;;;;;;;;;;x
c_darnis_adj;Darnian;;;;;;;;;;;;;;x
PROV163;Kyrene;;;;;;;;;;;;;;x
c_cyrene_adj;Kyrenian;;;;;;;;;;;;;;x
PROV164;Barke;;;;;;;;;;;;;;x
c_barke_adj;Barkian;;;;;;;;;;;;;;x
PROV165;Euesperides;;;;;;;;;;;;;;x
c_euesperides_adj;Euesperidian;;;;;;;;;;;;;;x
PROV166;Paphos;;;;;;;;;;;;;;x
c_paphos_adj;Paphian;;;;;;;;;;;;;;x
PROV167;Kition;;;;;;;;;;;;;;x
c_kition_adj;Kitionian;;;;;;;;;;;;;;x
PROV168;Salamis;;;;;;;;;;;;;;x
c_salamis_adj;Salamian;;;;;;;;;;;;;;x
PROV169;Auara;;;;;;;;;;;;;;x
c_auara_adj;Auaran;;;;;;;;;;;;;;x
PROV170;Petra;;;;;;;;;;;;;;x
c_petra_adj;Petran;;;;;;;;;;;;;;x
PROV171;Characmoba;;;;;;;;;;;;;;x
c_characmoba_adj;Characmoban;;;;;;;;;;;;;;x
PROV172;Meydba;;;;;;;;;;;;;;x
c_madaba_adj;Meydban;;;;;;;;;;;;;;x
PROV173;Gadara;;;;;;;;;;;;;;x
c_gadara_adj;Gadaran;;;;;;;;;;;;;;x
PROV174;Bostra;;;;;;;;;;;;;;x
c_bostra_adj;Bostran;;;;;;;;;;;;;;x
PROV175;Darmsuq;;;;;;;;;;;;;;x
c_damascus_adj;Darmsuqian;;;;;;;;;;;;;;x
PROV176;Palmyra;;;;;;;;;;;;;;x
c_palmyra_adj;Palmyrene;;;;;;;;;;;;;;x
PROV177;Mabog;;;;;;;;;;;;;;x
c_hierapolis_adj;Mabogian;;;;;;;;;;;;;;x
PROV178;Zeugma;;;;;;;;;;;;;;x
c_zeugma_adj;Zeugman;;;;;;;;;;;;;;x
PROV179;Adma;;;;;;;;;;;;;;x
c_edessa_adj;Adman;;;;;;;;;;;;;;x
PROV180;Karrhai;;;;;;;;;;;;;;x
c_harran_adj;Karrhian;;;;;;;;;;;;;;x
PROV181;Amida;;;;;;;;;;;;;;x
c_amida_adj;Amidan;;;;;;;;;;;;;;x
PROV182;Nisibis;;;;;;;;;;;;;;x
c_nisibin_adj;Nisibian;;;;;;;;;;;;;;x
PROV183;Resaina;;;;;;;;;;;;;;x
c_resaina_adj;Resainian;;;;;;;;;;;;;;x
PROV184;Sirku;;;;;;;;;;;;;;x
c_terqa_adj;Sirkuan;;;;;;;;;;;;;;x
PROV185;Anatho;;;;;;;;;;;;;;x
c_anatho_adj;Anathian;;;;;;;;;;;;;;x
PROV186;Pinaka;;;;;;;;;;;;;;x
c_pinaka_adj;Pinakan;;;;;;;;;;;;;;x
PROV187;Assur;;;;;;;;;;;;;;x
c_ashur_adj;Assurian;;;;;;;;;;;;;;x
PROV188;Idiqlat;;;;;;;;;;;;;;x
c_takrit_adj;Idiqlatian;;;;;;;;;;;;;;x
PROV189;Arrapha;;;;;;;;;;;;;;x
c_arrapha_adj;Arraphan;;;;;;;;;;;;;;x
PROV190;Arbela;;;;;;;;;;;;;;x
c_arbela_adj;Arbelan;;;;;;;;;;;;;;x
PROV191;Nineue;;;;;;;;;;;;;;x
c_nineveh_adj;Nineuean;;;;;;;;;;;;;;x
PROV192;Maskin;;;;;;;;;;;;;;x
c_maskin_adj;Maskinian;;;;;;;;;;;;;;x
PROV193;Hipparenoi;;;;;;;;;;;;;;x
c_sippar_adj;Hippareniaj;;;;;;;;;;;;;;x
PROV194;Opis;;;;;;;;;;;;;;x
c_opis_adj;Opian;;;;;;;;;;;;;;x
PROV195;Babylon;;;;;;;;;;;;;;x
c_babylon_adj;Babylonian;;;;;;;;;;;;;;x
PROV196;Marad;;;;;;;;;;;;;;x
c_marad_adj;Maradian;;;;;;;;;;;;;;x
PROV197;Nibbur;;;;;;;;;;;;;;x
c_nippur_adj;Nibburian;;;;;;;;;;;;;;x
PROV198;Orchoe;;;;;;;;;;;;;;x
c_uruk_adj;Orchoan;;;;;;;;;;;;;;x
PROV199;Uru;;;;;;;;;;;;;;x
c_ur_adj;Uruan;;;;;;;;;;;;;;x
PROV200;Charax;;;;;;;;;;;;;;x
c_charax_adj;Charakian;;;;;;;;;;;;;;x
PROV201;Samosata;;;;;;;;;;;;;;x
c_samosata_adj;Samosatian;;;;;;;;;;;;;;x
PROV202;Adatha;;;;;;;;;;;;;;x
c_adatha_adj;Adatha;;;;;;;;;;;;;;x
PROV203;Melateia;;;;;;;;;;;;;;x
c_melitene_adj;Melateian;;;;;;;;;;;;;;x
PROV204;Gundusa;;;;;;;;;;;;;;x
c_gundusa_adj;Gundusan;;;;;;;;;;;;;;x
PROV205;Khorsabia;;;;;;;;;;;;;;x
c_chorsabia_adj;Khorsabian;;;;;;;;;;;;;;x
PROV206;Sinoria;;;;;;;;;;;;;;x
c_sinoria_adj;Sinorian;;;;;;;;;;;;;;x
PROV207;Ani Kamah;;;;;;;;;;;;;;x
c_ani_kamah_adj;Kamahian;;;;;;;;;;;;;;x
PROV208;Arshamshat;;;;;;;;;;;;;;x
c_arsamosata_adj;Arshamshat;;;;;;;;;;;;;;x
PROV209;Karkathiokerta;;;;;;;;;;;;;;x
c_karkathiokerta_adj;Karkathiokertan;;;;;;;;;;;;;;x
PROV210;Maipa;;;;;;;;;;;;;;x
c_tigranocerta_adj;Maipan;;;;;;;;;;;;;;x
PROV211;Zoaranda;;;;;;;;;;;;;;x
c_zoaranda_adj;Zoarandan;;;;;;;;;;;;;;x
PROV212;Thospia;;;;;;;;;;;;;;x
c_thospia_adj;Thospian;;;;;;;;;;;;;;x
PROV213;Calata;;;;;;;;;;;;;;x
c_calata_adj;Calatan;;;;;;;;;;;;;;x
PROV214;Karin;;;;;;;;;;;;;;x
c_karin_adj;Karinian;;;;;;;;;;;;;;x
PROV215;Ashtishat;;;;;;;;;;;;;;x
c_ashtishat_adj;Ashtishatian;;;;;;;;;;;;;;x
PROV216;Eruandakert;;;;;;;;;;;;;;x
c_eruandakert_adj;Eruandakertian;;;;;;;;;;;;;;x
PROV217;Paracata;;;;;;;;;;;;;;x
c_paracata_adj;Paracatian;;;;;;;;;;;;;;x
PROV218;Armavir;;;;;;;;;;;;;;x
c_armavir_adj;Armavirian;;;;;;;;;;;;;;x
PROV219;Shalat;;;;;;;;;;;;;;x
c_shalat_adj;Shalatian;;;;;;;;;;;;;;x
PROV220;Amaras;;;;;;;;;;;;;;x
c_amaras_adj;Amarasian;;;;;;;;;;;;;;x
PROV221;Harmozike;;;;;;;;;;;;;;x
c_harmozike_adj;Harmozikian;;;;;;;;;;;;;;x
PROV222;Sarapanis;;;;;;;;;;;;;;x
c_sarapanis_adj;Sarapanisian;;;;;;;;;;;;;;x
PROV223;Mtskheta;;;;;;;;;;;;;;x
c_mtskheta_adj;Mtskhetan;;;;;;;;;;;;;;x
PROV224;Sanua;;;;;;;;;;;;;;x
c_sanua_adj;Sanuan;;;;;;;;;;;;;;x
PROV225;Apsaros;;;;;;;;;;;;;;x
c_apsaros_adj;Apsarosian;;;;;;;;;;;;;;x
PROV226;Phasis;;;;;;;;;;;;;;x
c_phasis_adj;Phasisian;;;;;;;;;;;;;;x
PROV227;Kotais;;;;;;;;;;;;;;x
c_kotais_adj;Kotasian;;;;;;;;;;;;;;x
PROV228;Dioskuria;;;;;;;;;;;;;;x
c_dioscurias_adj;Dioskurian;;;;;;;;;;;;;;x
PROV229;Khabala;;;;;;;;;;;;;;x
c_chabala_adj;Khabalan;;;;;;;;;;;;;;x
PROV230;Sanina;;;;;;;;;;;;;;x
c_sanina_adj;Saninan;;;;;;;;;;;;;;x
PROV231;Spandaran;;;;;;;;;;;;;;x
c_spandaran_adj;Spandaranian;;;;;;;;;;;;;;x
PROV232;Aharawan;;;;;;;;;;;;;;x
c_aharawan_adj;Aharawanian;;;;;;;;;;;;;;x
PROV233;Ardabil;;;;;;;;;;;;;;x
c_ardabil_adj;Ardabilian;;;;;;;;;;;;;;x
PROV234;Praaspa;;;;;;;;;;;;;;x
c_praaspa_adj;Praaspan;;;;;;;;;;;;;;x
PROV235;Adar Gushnasp;;;;;;;;;;;;;;x
c_adar_gushnasp_adj;Gushnaspian;;;;;;;;;;;;;;x
PROV236;Gaznik;;;;;;;;;;;;;;x
c_gaznik_adj;Gaznikian;;;;;;;;;;;;;;x
PROV237;Morunda;;;;;;;;;;;;;;x
c_morunda_adj;Morundan;;;;;;;;;;;;;;x
PROV238;Daskara;;;;;;;;;;;;;;x
c_daskara_adj;Daskaran;;;;;;;;;;;;;;x
PROV239;Hulwan;;;;;;;;;;;;;;x
c_hulwan_adj;Hulwanian;;;;;;;;;;;;;;x
PROV240;Ecbatana;;;;;;;;;;;;;;x
c_ecbatana_adj;Ecbatanian;;;;;;;;;;;;;;x
PROV241;Aganzana;;;;;;;;;;;;;;x
c_aganzana_adj;Aganzanian;;;;;;;;;;;;;;x
PROV242;Saveh;;;;;;;;;;;;;;x
c_saveh_adj;Savehan;;;;;;;;;;;;;;x
PROV243;Rhagai;;;;;;;;;;;;;;x
c_rhagai_adj;Rhagaian;;;;;;;;;;;;;;x
PROV244;Hecatompylos;;;;;;;;;;;;;;x
c_hecatombylos_adj;Hecatompylosian;;;;;;;;;;;;;;x
PROV245;Hyrkania;;;;;;;;;;;;;;x
c_zadracarta_adj;Hyrkanian;;;;;;;;;;;;;;x
PROV246;Asaak;;;;;;;;;;;;;;x
c_asaak_adj;Asaakian;;;;;;;;;;;;;;x
PROV247;Madhar;;;;;;;;;;;;;;x
c_madhar_adj;Madharian;;;;;;;;;;;;;;x
PROV248;Soloke;;;;;;;;;;;;;;x
c_soloke_adj;Solokian;;;;;;;;;;;;;;x
PROV249;Sousa;;;;;;;;;;;;;;x
c_susa_adj;Sousan;;;;;;;;;;;;;;x
PROV250;Laodikeia;;;;;;;;;;;;;;x
c_nemavand_adj;Laodikeian;;;;;;;;;;;;;;x
PROV251;Bushahr;;;;;;;;;;;;;;x
c_bushahr_adj;Bushahran;;;;;;;;;;;;;;x
PROV252;Cyropolis;;;;;;;;;;;;;;x
c_cyropolis_adj;Cyropolitan;;;;;;;;;;;;;;x
PROV253;Pasargadai;;;;;;;;;;;;;;x
c_pasargadae_adj;Pasargadaian;;;;;;;;;;;;;;x
PROV254;Aspadana;;;;;;;;;;;;;;x
c_aspadana_adj;Aspadanan;;;;;;;;;;;;;;x
PROV255;Harmozeia;;;;;;;;;;;;;;x
c_harmozeia_adj;Harmozeian;;;;;;;;;;;;;;x
PROV256;Taruana;;;;;;;;;;;;;;x
c_taruana_adj;Taruan;;;;;;;;;;;;;;x
PROV257;Karmania;;;;;;;;;;;;;;x
c_carmana_adj;Karmanian;;;;;;;;;;;;;;x
PROV258;Bam;;;;;;;;;;;;;;x
c_bam_adj;Baman;;;;;;;;;;;;;;x
PROV259;Tabus;;;;;;;;;;;;;;x
c_tabus_adj;Tabian;;;;;;;;;;;;;;x
PROV260;Khoarene;;;;;;;;;;;;;;x
c_choarene_adj;Khoarene;;;;;;;;;;;;;;x
PROV261;Sousia;;;;;;;;;;;;;;x
c_susia_adj;Sousian;;;;;;;;;;;;;;x
PROV262;Pura;;;;;;;;;;;;;;x
c_pura_adj;Puran;;;;;;;;;;;;;;x
PROV263;Chodda;;;;;;;;;;;;;;x
c_chodda_adj;Choddan;;;;;;;;;;;;;;x
PROV264;Calame;;;;;;;;;;;;;;x
c_calame_adj;Calamian;;;;;;;;;;;;;;x
PROV265;Soxetra;;;;;;;;;;;;;;x
c_soxetra_adj;Soxetrian;;;;;;;;;;;;;;x
PROV266;Nisaea;;;;;;;;;;;;;;x
c_nisaea_adj;Nisaean;;;;;;;;;;;;;;x
PROV267;Albanopolis;;;;;;;;;;;;;;x
c_albanopolis_adj;Albanopolitan;;;;;;;;;;;;;;x
PROV268;Uscana;;;;;;;;;;;;;;x
c_uscana_adj;Uscanian;;;;;;;;;;;;;;x
PROV269;Neapolis;;;;;;;;;;;;;;x
c_neapolis_samothrace_adj;Neapolitan;;;;;;;;;;;;;;x
PROV270;Skaptobara;;;;;;;;;;;;;;x
c_scaptobara_adj;Skaptobaran;;;;;;;;;;;;;;x
PROV271;Alexandreia Kaukasou;;;;;;;;;;;;;;x
c_alexandria_bactria_adj;Alexandreian;;;;;;;;;;;;;;x
PROV272;Baktra;;;;;;;;;;;;;;x
c_bactra_adj;Baktrian;;;;;;;;;;;;;;x
PROV273;Drapsaka;;;;;;;;;;;;;;x
c_drapsaka_adj;Drapsakan;;;;;;;;;;;;;;x
PROV274;Marakanda;;;;;;;;;;;;;;x
c_marakanda_adj;Marakandian;;;;;;;;;;;;;;x
PROV275;Tarmita;;;;;;;;;;;;;;x
c_tarmita_adj;Tarmitian;;;;;;;;;;;;;;x
PROV276;Alexandreia Eschate;;;;;;;;;;;;;;x
c_alexandria_eschate_adj;Alexandreian;;;;;;;;;;;;;;x
PROV277;Uraga;;;;;;;;;;;;;;x
c_massaka_adj;Uragan;;;;;;;;;;;;;;x
PROV278;Kophes;;;;;;;;;;;;;;x
c_kophen_adj;Kophene;;;;;;;;;;;;;;x
PROV279;Bandobene;;;;;;;;;;;;;;x
c_bandobene_adj;Bandobene;;;;;;;;;;;;;;x
PROV280;Tazora;;;;;;;;;;;;;;x
c_tazora_adj;Tazoran;;;;;;;;;;;;;;x
PROV281;Pharsaga;;;;;;;;;;;;;;x
c_pharsaga_adj;Pharsagan;;;;;;;;;;;;;;x
PROV282;Artoata;;;;;;;;;;;;;;x
c_artoata_adj;Artoatan;;;;;;;;;;;;;;x
PROV283;Sogdorum Regia;;;;;;;;;;;;;;x
c_sogdorum_regia_adj;Sogdorum;;;;;;;;;;;;;;x
PROV284;Gynaikon Limen;;;;;;;;;;;;;;x
c_gynaikon_limen_adj;Gynaikon;;;;;;;;;;;;;;x
PROV285;Saraswatapura;;;;;;;;;;;;;;x
c_automula_adj;Saraswatapuran;;;;;;;;;;;;;;x
PROV286;Patala;;;;;;;;;;;;;;x
c_patala_adj;Patalan;;;;;;;;;;;;;;x
PROV287;Naagramma;;;;;;;;;;;;;;x
c_naagramma_adj;Naagramman;;;;;;;;;;;;;;x
PROV288;Mulasthana;;;;;;;;;;;;;;x
c_mallorum_adj;Mulasthanan;;;;;;;;;;;;;;x
PROV289;Asibipura;;;;;;;;;;;;;;x
c_asibipura_adj;Asibipuran;;;;;;;;;;;;;;x
PROV290;Boukephala;;;;;;;;;;;;;;x
c_boukephala_adj;Boukephalan;;;;;;;;;;;;;;x
PROV291;Attock;;;;;;;;;;;;;;x
c_attock_adj;Attockian;;;;;;;;;;;;;;x
PROV292;Taksashila;;;;;;;;;;;;;;x
c_taxila_adj;Taksashilan;;;;;;;;;;;;;;x
PROV293;Bylazora;;;;;;;;;;;;;;x
c_bylazora_adj;Bylazoran;;;;;;;;;;;;;;x
PROV294;Ainos;;;;;;;;;;;;;;x
c_ainos_adj;Ainian;;;;;;;;;;;;;;x
PROV295;Bizye;;;;;;;;;;;;;;x
c_bizye_adj;Bizyian;;;;;;;;;;;;;;x
PROV296;Bergoule;;;;;;;;;;;;;;x
c_bergoule_adj;Bergoulian;;;;;;;;;;;;;;x
PROV297;Mesembria;;;;;;;;;;;;;;x
c_mesembria_adj;Mesembrian;;;;;;;;;;;;;;x
PROV298;Bourdepa;;;;;;;;;;;;;;x
c_bourdepa_adj;Bourdepan;;;;;;;;;;;;;;x
PROV299;Pistoros;;;;;;;;;;;;;;x
c_pistoros_adj;Pistorian;;;;;;;;;;;;;;x
PROV300;Lilybaion;;;;;;;;;;;;;;x
c_lilybaeum_adj;Lilybaian;;;;;;;;;;;;;;x
PROV301;Segesta;;;;;;;;;;;;;;x
c_segesta_adj;Segestan;;;;;;;;;;;;;;x
PROV302;Selinous;;;;;;;;;;;;;;x
c_selinus_adj;Selinan;;;;;;;;;;;;;;x
PROV303;Himera;;;;;;;;;;;;;;x
c_himera_adj;Himeran;;;;;;;;;;;;;;x
PROV304;Gela;;;;;;;;;;;;;;x
c_gela_adj;Gelan;;;;;;;;;;;;;;x
PROV305;Syrakousai;;;;;;;;;;;;;;x
c_syracuse_adj;Syrakousan;;;;;;;;;;;;;;x
PROV306;Catana;;;;;;;;;;;;;;x
c_catana_adj;Catanian;;;;;;;;;;;;;;x
PROV307;Messene;;;;;;;;;;;;;;x
c_messana_adj;Messenian;;;;;;;;;;;;;;x
PROV308;Rhegion;;;;;;;;;;;;;;x
c_rhegium_adj;Rhegian;;;;;;;;;;;;;;x
PROV309;Terina;;;;;;;;;;;;;;x
c_terina_adj;Terinian;;;;;;;;;;;;;;x
PROV310;Kroton;;;;;;;;;;;;;;x
c_croton_adj;Krotonian;;;;;;;;;;;;;;x
PROV311;Thourioi;;;;;;;;;;;;;;x
c_thurii_adj;Thourian;;;;;;;;;;;;;;x
PROV312;Herakleia;;;;;;;;;;;;;;x
c_heracleia_sicily_adj;Herakleian;;;;;;;;;;;;;;x
PROV313;Elea;;;;;;;;;;;;;;x
c_elea_adj;Elean;;;;;;;;;;;;;;x
PROV314;Metapontion;;;;;;;;;;;;;;x
c_metapontum_adj;Metapontian;;;;;;;;;;;;;;x
PROV315;Canusium;;;;;;;;;;;;;;x
c_canusium_adj;Canusian;;;;;;;;;;;;;;x
PROV316;Argyrippa;;;;;;;;;;;;;;x
c_larinum_adj;Argyrippan;;;;;;;;;;;;;;x
PROV317;Taras;;;;;;;;;;;;;;x
c_tarentum_adj;Tarantine;;;;;;;;;;;;;;x
PROV318;Brentesion;;;;;;;;;;;;;;x
c_brundisium_adj;Brentesian;;;;;;;;;;;;;;x
PROV319;Salernum;;;;;;;;;;;;;;x
c_salernum_adj;Salernian;;;;;;;;;;;;;;x
PROV320;Neapolis;;;;;;;;;;;;;;x
c_neapolis_adj;Neapolitan;;;;;;;;;;;;;;x
PROV321;Capua;;;;;;;;;;;;;;x
c_capua_adj;Capuan;;;;;;;;;;;;;;x
PROV322;Terracina;;;;;;;;;;;;;;x
c_terracina_adj;Terracinian;;;;;;;;;;;;;;x
PROV323;Antium;;;;;;;;;;;;;;x
c_antium_adj;Antian;;;;;;;;;;;;;;x
PROV324;Roma;;;;;;;;;;;;;;x
c_roma_adj;Roman;;;;;;;;;;;;;;x
PROV325;Venusia;;;;;;;;;;;;;;x
c_venusia_adj;Venusian;;;;;;;;;;;;;;x
PROV326;Maloenton;;;;;;;;;;;;;;x
c_beneventum_adj;Maloentian;;;;;;;;;;;;;;x
PROV327;Bovianum;;;;;;;;;;;;;;x
c_bovianum_adj;Bovian;;;;;;;;;;;;;;x
PROV328;Sulmo;;;;;;;;;;;;;;x
c_sulmo_adj;Sulman;;;;;;;;;;;;;;x
PROV329;Asculum;;;;;;;;;;;;;;x
c_asculum_adj;Asculeme;;;;;;;;;;;;;;x
PROV330;Ancona;;;;;;;;;;;;;;x
c_ancona_adj;Anconan;;;;;;;;;;;;;;x
PROV331;Amiternum;;;;;;;;;;;;;;x
c_amiternum_adj;Amiterneme;;;;;;;;;;;;;;x
PROV332;Spoletium;;;;;;;;;;;;;;x
c_spoletium_adj;Spoletian;;;;;;;;;;;;;;x
PROV333;Iguvium;;;;;;;;;;;;;;x
c_iguvium_adj;Iguvian;;;;;;;;;;;;;;x
PROV334;Sarsina;;;;;;;;;;;;;;x
c_sarsina_adj;Sarsinian;;;;;;;;;;;;;;x
PROV335;Veii;;;;;;;;;;;;;;x
c_veii_adj;Veian;;;;;;;;;;;;;;x
PROV336;Tarchuna;;;;;;;;;;;;;;x
c_tarquinii_adj;Tarchunan;;;;;;;;;;;;;;x
PROV337;Aritim;;;;;;;;;;;;;;x
c_arretium_adj;Aritimian;;;;;;;;;;;;;;x
PROV338;Vatluna;;;;;;;;;;;;;;x
c_vetulonia_adj;Vatlunan;;;;;;;;;;;;;;x
PROV339;Pisae;;;;;;;;;;;;;;x
c_pisae_adj;Pisan;;;;;;;;;;;;;;x
PROV340;Luna;;;;;;;;;;;;;;x
c_luna_adj;Lunan;;;;;;;;;;;;;;x
PROV341;Albingaunum;;;;;;;;;;;;;;x
c_albingaunum_adj;Albingaunium;;;;;;;;;;;;;;x
PROV342;Vardagate;;;;;;;;;;;;;;x
c_vardagate_adj;Vardagatean;;;;;;;;;;;;;;x
PROV343;Pollentia;;;;;;;;;;;;;;x
c_taurasia_adj;Pollentian;;;;;;;;;;;;;;x
PROV344;Vercellae;;;;;;;;;;;;;;x
c_vercellae_adj;Vercellian;;;;;;;;;;;;;;x
PROV345;Mediolanum;;;;;;;;;;;;;;x
c_mediolanum_adj;Mediolan;;;;;;;;;;;;;;x
PROV346;Brixia;;;;;;;;;;;;;;x
c_brixia_adj;Brixian;;;;;;;;;;;;;;x
PROV347;Verona;;;;;;;;;;;;;;x
c_verona_adj;Veronan;;;;;;;;;;;;;;x
PROV348;Patavium;;;;;;;;;;;;;;x
c_patavium_adj;Patavian;;;;;;;;;;;;;;x
PROV350;Aleria;;;;;;;;;;;;;;x
c_aleria_adj;Alerian;;;;;;;;;;;;;;x
PROV351;Palla;;;;;;;;;;;;;;x
c_palla_adj;Pallan;;;;;;;;;;;;;;x
PROV352;Olbia;;;;;;;;;;;;;;x
c_olbia_sardinia_adj;Olbian;;;;;;;;;;;;;;x
PROV353;Tharrhas;;;;;;;;;;;;;;x
c_tharros_adj;Tharrhasian;;;;;;;;;;;;;;x
PROV354;Caralis;;;;;;;;;;;;;;x
c_caralis_adj;Carali;;;;;;;;;;;;;;x
PROV355;Placentia;;;;;;;;;;;;;;x
c_placentia_adj;Placentian;;;;;;;;;;;;;;x
PROV356;Parma;;;;;;;;;;;;;;x
c_parma_adj;Parman;;;;;;;;;;;;;;x
PROV357;Bononia;;;;;;;;;;;;;;x
c_bononia_adj;Bononian;;;;;;;;;;;;;;x
PROV358;Ravenna;;;;;;;;;;;;;;x
c_ravenna_adj;Ravennan;;;;;;;;;;;;;;x
PROV359;Atiqa;;;;;;;;;;;;;;x
c_utica_adj;Atiqan;;;;;;;;;;;;;;x
PROV360;Qart-Hadast;;;;;;;;;;;;;;x
c_carthage_adj;Qarthadastim;;;;;;;;;;;;;;x
PROV364;Thizika;;;;;;;;;;;;;;x
c_thizika_adj;Thizikan;;;;;;;;;;;;;;x
PROV365;Tabarka;;;;;;;;;;;;;;x
c_thabraca_adj;Tabarkan;;;;;;;;;;;;;;x
PROV361;Thapsus;;;;;;;;;;;;;;x
c_thapsus_adj;Thapsian;;;;;;;;;;;;;;x
PROV362;Thaenae;;;;;;;;;;;;;;x
c_thaenae_adj;Thaenaean;;;;;;;;;;;;;;x
PROV363;Thala;;;;;;;;;;;;;;x
c_thala_adj;Thalan;;;;;;;;;;;;;;x
PROV366;Hippo;;;;;;;;;;;;;;x
c_hippo_adj;Hippan;;;;;;;;;;;;;;x
PROV367;Igilgili;;;;;;;;;;;;;;x
c_igilgili_adj;Igilgilian;;;;;;;;;;;;;;x
PROV368;Rusazus;;;;;;;;;;;;;;x
c_rusazus_adj;Rusazusian;;;;;;;;;;;;;;x
PROV369;Tubusuctu;;;;;;;;;;;;;;x
c_tubusuctu_adj;Tubusuctan;;;;;;;;;;;;;;x
PROV370;Satafis;;;;;;;;;;;;;;x
c_satafis_adj;Satafisian;;;;;;;;;;;;;;x
PROV371;Cirta;;;;;;;;;;;;;;x
c_cirta_adj;Cirtan;;;;;;;;;;;;;;x
PROV372;Thagaste;;;;;;;;;;;;;;x
c_thagaste_adj;Thagastian;;;;;;;;;;;;;;x
PROV373;Zabi;;;;;;;;;;;;;;x
c_zabi_adj;Zabian;;;;;;;;;;;;;;x
PROV374;Thubunae;;;;;;;;;;;;;;x
c_thubunae_adj;Thubunaean;;;;;;;;;;;;;;x
PROV375;Thabudeos;;;;;;;;;;;;;;x
c_thabudeos_adj;Thabudean;;;;;;;;;;;;;;x
PROV376;Theveste;;;;;;;;;;;;;;x
c_theveste_adj;Thevestean;;;;;;;;;;;;;;x
PROV377;Capsa;;;;;;;;;;;;;;x
c_capsa_adj;Capsan;;;;;;;;;;;;;;x
PROV378;Meninx;;;;;;;;;;;;;;x
c_meninx_adj;Meninxian;;;;;;;;;;;;;;x
PROV379;Oea;;;;;;;;;;;;;;x
c_oea_adj;Oean;;;;;;;;;;;;;;x
PROV380;Lepcis Magna;;;;;;;;;;;;;;x
c_lepcis_magna_adj;Lepcis Magnan;;;;;;;;;;;;;;x
PROV381;Euphranta;;;;;;;;;;;;;;x
c_euphranta_adj;Euphrantan;;;;;;;;;;;;;;x
PROV382;Automalax;;;;;;;;;;;;;;x
c_automalax_adj;Automalaxian;;;;;;;;;;;;;;x
PROV383;Montana;;;;;;;;;;;;;;x
c_montana_adj;Montanan;;;;;;;;;;;;;;x
PROV384;Naissus;;;;;;;;;;;;;;x
c_naissus_adj;Naissian;;;;;;;;;;;;;;x
PROV385;Scupi;;;;;;;;;;;;;;x
c_scupi_adj;Scupian;;;;;;;;;;;;;;x
PROV386;Sirmium;;;;;;;;;;;;;;x
c_sirmium_adj;Sirmian;;;;;;;;;;;;;;x
PROV387;Cibalae;;;;;;;;;;;;;;x
c_cibalae_adj;Cibalaean;;;;;;;;;;;;;;x
PROV389;Malvesia;;;;;;;;;;;;;;x
c_malvesia_adj;Malvesian;;;;;;;;;;;;;;x
PROV390;Sopianae;;;;;;;;;;;;;;x
c_sopianae_adj;Sopianaean;;;;;;;;;;;;;;x
PROV391;Tricciana;;;;;;;;;;;;;;x
c_tricciana_adj;Triccianan;;;;;;;;;;;;;;x
PROV392;Scarbantia;;;;;;;;;;;;;;x
c_scarbantia_adj;Scarbantian;;;;;;;;;;;;;;x
PROV393;Virunum;;;;;;;;;;;;;;x
c_virunum_adj;Virunian;;;;;;;;;;;;;;x
PROV394;Emona;;;;;;;;;;;;;;x
c_emona_adj;Emonan;;;;;;;;;;;;;;x
PROV395;Segestica;;;;;;;;;;;;;;x
c_segestica_adj;Segestican;;;;;;;;;;;;;;x
PROV396;Splonum;;;;;;;;;;;;;;x
c_splonum_adj;Splonan;;;;;;;;;;;;;;x
PROV397;Senia;;;;;;;;;;;;;;x
c_senia_adj;Senian;;;;;;;;;;;;;;x
PROV398;Ortopla;;;;;;;;;;;;;;x
c_ortopla_adj;Ortoplan;;;;;;;;;;;;;;x
PROV399;Pharos;;;;;;;;;;;;;;x
c_pharos_adj;Pharian;;;;;;;;;;;;;;x
PROV400;Salona;;;;;;;;;;;;;;x
c_salona_adj;Salonan;;;;;;;;;;;;;;x
PROV401;Arcidava;;;;;;;;;;;;;;x
c_arcidava_adj;Arcidavan;;;;;;;;;;;;;;x
PROV402;Dierna;;;;;;;;;;;;;;x
c_diema_adj;Diernan;;;;;;;;;;;;;;x
PROV403;Pelendava;;;;;;;;;;;;;;x
c_pelendava_adj;Pelendavan;;;;;;;;;;;;;;x
PROV404;Popesti;;;;;;;;;;;;;;x
c_popesti_adj;Popestian;;;;;;;;;;;;;;x
PROV405;Bucurdava;;;;;;;;;;;;;;x
c_bucuresti_adj;Bucurdavan;;;;;;;;;;;;;;x
PROV406;Banita;;;;;;;;;;;;;;x
c_banita_adj;Banitan;;;;;;;;;;;;;;x
PROV407;Buridava;;;;;;;;;;;;;;x
c_buridava_adj;Buridavan;;;;;;;;;;;;;;x
PROV408;Sarmizegetusa;;;;;;;;;;;;;;x
c_sarmizegetusa_adj;Sarmizegetusan;;;;;;;;;;;;;;x
PROV409;Apoulon;;;;;;;;;;;;;;x
c_apulum_adj;Apoulic;;;;;;;;;;;;;;x
PROV410;Surcea;;;;;;;;;;;;;;x
c_surcea_adj;Surcean;;;;;;;;;;;;;;x
PROV411;Potaissa;;;;;;;;;;;;;;x
c_potaissa_adj;Potaissan;;;;;;;;;;;;;;x
PROV412;Napoca;;;;;;;;;;;;;;x
c_napoca_adj;Napocan;;;;;;;;;;;;;;x
PROV413;Germisara;;;;;;;;;;;;;;x
c_germisara_adj;Germisaran;;;;;;;;;;;;;;x
PROV414;Cotnari;;;;;;;;;;;;;;x
c_cotnari_adj;Cotnarian;;;;;;;;;;;;;;x
PROV415;Poroboridava;;;;;;;;;;;;;;x
c_poroboridava_adj;Poroboridavan;;;;;;;;;;;;;;x
PROV416;Antipolis;;;;;;;;;;;;;;x
c_antipolis_adj;Antipolitan;;;;;;;;;;;;;;x
PROV417;Massalia;;;;;;;;;;;;;;x
c_massilia_adj;Massalian;;;;;;;;;;;;;;x
PROV418;Arelate;;;;;;;;;;;;;;x
c_arelate_adj;Arelatian;;;;;;;;;;;;;;x
PROV419;Luceria;;;;;;;;;;;;;;x
c_luceria_adj;Lucerian;;;;;;;;;;;;;;x
PROV420;Eturamina;;;;;;;;;;;;;;x
c_eturamina_adj;Eturaminan;;;;;;;;;;;;;;x
PROV421;Eburodunum;;;;;;;;;;;;;;x
c_eburodunum_adj;Eburodunan;;;;;;;;;;;;;;x
PROV422;Arausio;;;;;;;;;;;;;;x
c_arausio_adj;Arausian;;;;;;;;;;;;;;x
PROV423;Segustero;;;;;;;;;;;;;;x
c_segustero_adj;Segusteran;;;;;;;;;;;;;;x
PROV424;Valentia;;;;;;;;;;;;;;x
c_valentia_adj;Valentian;;;;;;;;;;;;;;x
PROV426;Brigantio;;;;;;;;;;;;;;x
c_brigantio_adj;Brigantian;;;;;;;;;;;;;;x
PROV427;Lugudunon;;;;;;;;;;;;;;x
c_lugdunum_adj;Lugudunonian;;;;;;;;;;;;;;x
PROV429;Andematunnum;;;;;;;;;;;;;;x
c_andematunnum_adj;Andematunnan;;;;;;;;;;;;;;x
PROV430;Eudracinum;;;;;;;;;;;;;;x
c_augusta_praetoria_adj;Eudracinian;;;;;;;;;;;;;;x
PROV431;Geneva;;;;;;;;;;;;;;x
c_geneva_adj;Genevan;;;;;;;;;;;;;;x
PROV432;Aventicum;;;;;;;;;;;;;;x
c_aventicum_adj;Aventican;;;;;;;;;;;;;;x
PROV433;Vesontio;;;;;;;;;;;;;;x
c_vesontio_adj;Vesontian;;;;;;;;;;;;;;x
PROV434;Luxovium;;;;;;;;;;;;;;x
c_luxovium_adj;Luxovian;;;;;;;;;;;;;;x
PROV435;Tenedo;;;;;;;;;;;;;;x
c_arae_flaviae_adj;Tenedian;;;;;;;;;;;;;;x
PROV436;Cambodunum;;;;;;;;;;;;;;x
c_cambodunum_adj;Cambodunan;;;;;;;;;;;;;;x
PROV437;Iuvavum;;;;;;;;;;;;;;x
c_iuvavum_adj;Iuvavan;;;;;;;;;;;;;;x
PROV438;Ovilava;;;;;;;;;;;;;;x
c_ovilava_adj;Ovilavan;;;;;;;;;;;;;;x
PROV439;Pselchis;;;;;;;;;;;;;;x
c_pselchis_adj;Pselchisian;;;;;;;;;;;;;;x
PROV440;Pachoras;;;;;;;;;;;;;;x
c_pachoras_adj;Pachoran;;;;;;;;;;;;;;x
PROV441;Pdeme;;;;;;;;;;;;;;x
c_pdeme_adj;Pdemian;;;;;;;;;;;;;;x
PROV442;Patinga;;;;;;;;;;;;;;x
c_patinga_adj;Patingan;;;;;;;;;;;;;;x
PROV443;Napata;;;;;;;;;;;;;;x
c_napata_adj;Napatan;;;;;;;;;;;;;;x
PROV444;Meroe;;;;;;;;;;;;;;x
c_meroe_adj;Merotic;;;;;;;;;;;;;;x
PROV445;Modiana;;;;;;;;;;;;;;x
c_modiana_adj;Modianan;;;;;;;;;;;;;;x
PROV446;Dedan;;;;;;;;;;;;;;x
c_dedan_adj;Dedanite;;;;;;;;;;;;;;x
PROV447;Ausara;;;;;;;;;;;;;;x
c_ausara_adj;Ausaran;;;;;;;;;;;;;;x
PROV448;Alouare;;;;;;;;;;;;;;x
c_alouare_adj;Alouaran;;;;;;;;;;;;;;x
PROV449;Macoraba;;;;;;;;;;;;;;x
c_macoraba_adj;Macoraban;;;;;;;;;;;;;;x
PROV450;Thomala;;;;;;;;;;;;;;x
c_thomala_adj;Thomalan;;;;;;;;;;;;;;x
PROV451;Anagrana;;;;;;;;;;;;;;x
c_anagrana_adj;Anagranan;;;;;;;;;;;;;;x
PROV452;Akme;;;;;;;;;;;;;;x
c_akme_adj;Akmean;;;;;;;;;;;;;;x
PROV453;Akila;;;;;;;;;;;;;;x
c_akila_adj;Akilan;;;;;;;;;;;;;;x
PROV454;Adane;;;;;;;;;;;;;;x
c_adane_adj;Adanean;;;;;;;;;;;;;;x
PROV455;Saraka;;;;;;;;;;;;;;x
c_saraka_adj;Sarakan;;;;;;;;;;;;;;x
PROV456;Raida;;;;;;;;;;;;;;x
c_raida_adj;Raidan;;;;;;;;;;;;;;x
PROV457;Tamna;;;;;;;;;;;;;;x
c_tamna_adj;Tamnan;;;;;;;;;;;;;;x
PROV458;Saba;;;;;;;;;;;;;;x
c_saba_adj;Sabian;;;;;;;;;;;;;;x
PROV459;Karna;;;;;;;;;;;;;;x
c_karna_adj;Karnan;;;;;;;;;;;;;;x
PROV460;Sabatha;;;;;;;;;;;;;;x
c_sabatha_adj;Sabathan;;;;;;;;;;;;;;x
PROV461;Tretos;;;;;;;;;;;;;;x
c_tretos_adj;Tretan;;;;;;;;;;;;;;x
PROV462;Thialemath;;;;;;;;;;;;;;x
c_thialemath_adj;Thialemathian;;;;;;;;;;;;;;x
PROV463;Neogilla;;;;;;;;;;;;;;x
c_neogilla_adj;Neogillan;;;;;;;;;;;;;;x
PROV464;Hadramaut;;;;;;;;;;;;;;x
c_hadramaut_adj;Hadramautan;;;;;;;;;;;;;;x
PROV465;Abyssa;;;;;;;;;;;;;;x
c_abyssa_adj;Abyssan;;;;;;;;;;;;;;x
PROV466;Thabanne;;;;;;;;;;;;;;x
c_thabanne_adj;Thabannean;;;;;;;;;;;;;;x
PROV467;Lala;;;;;;;;;;;;;;x
c_lala_adj;Lalan;;;;;;;;;;;;;;x
PROV468;Omanum;;;;;;;;;;;;;;x
c_omanum_adj;Omanian;;;;;;;;;;;;;;x
PROV469;Chabuata;;;;;;;;;;;;;;x
c_chabuata_adj;Chabuatan;;;;;;;;;;;;;;x
PROV470;Cabana;;;;;;;;;;;;;;x
c_cabana_adj;Cabanan;;;;;;;;;;;;;;x
PROV471;Omana;;;;;;;;;;;;;;x
c_omana_adj;Omanan;;;;;;;;;;;;;;x
PROV472;Gerrha;;;;;;;;;;;;;;x
c_gerrha_adj;Gerrhan;;;;;;;;;;;;;;x
PROV473;Adari;;;;;;;;;;;;;;x
c_adari_adj;Adarian;;;;;;;;;;;;;;x
PROV474;Chersonesos;;;;;;;;;;;;;;x
c_chersonesos_adj;Chersonesese;;;;;;;;;;;;;;x
PROV475;Gorgippia;;;;;;;;;;;;;;x
c_gorgippia_adj;Gorgippian;;;;;;;;;;;;;;x
PROV476;Pityous;;;;;;;;;;;;;;x
c_pityous_adj;Pityousian;;;;;;;;;;;;;;x
PROV477;Agaraskapa;;;;;;;;;;;;;;x
c_agaraskapa_adj;Agaraskapan;;;;;;;;;;;;;;x
PROV478;Bagaporata;;;;;;;;;;;;;;x
c_bagaporata_adj;Bagaporatan;;;;;;;;;;;;;;x
PROV479;Madupa;;;;;;;;;;;;;;x
c_madupa_adj;Madupan;;;;;;;;;;;;;;x
PROV480;Syavaporata;;;;;;;;;;;;;;x
c_syavaporata_adj;Syavaporatan;;;;;;;;;;;;;;x
PROV481;Katipa;;;;;;;;;;;;;;x
c_katipa_adj;Katipan;;;;;;;;;;;;;;x
PROV482;Neapolis;;;;;;;;;;;;;;x
c_scythian_neapolis_adj;Neapolitan;;;;;;;;;;;;;;x
PROV483;Arunca;;;;;;;;;;;;;;x
c_arunca_adj;Aruncan;;;;;;;;;;;;;;x
PROV484;Katarun;;;;;;;;;;;;;;x
c_katarun_adj;Katarunian;;;;;;;;;;;;;;x
PROV485;Satiporata;;;;;;;;;;;;;;x
c_satiporata_adj;Satiporatan;;;;;;;;;;;;;;x
PROV486;Xessagarpa;;;;;;;;;;;;;;x
c_xessagarpa_adj;Xessagarpan;;;;;;;;;;;;;;x
PROV487;Rasin;;;;;;;;;;;;;;x
c_rasin_adj;Rasinian;;;;;;;;;;;;;;x
PROV488;Blamizda;;;;;;;;;;;;;;x
c_blamizda_adj;Blazmizdan;;;;;;;;;;;;;;x
PROV489;Payporata;;;;;;;;;;;;;;x
c_payporata_adj;Payporatan;;;;;;;;;;;;;;x
PROV490;Katipanti;;;;;;;;;;;;;;x
c_katipanti_adj;Katipantian;;;;;;;;;;;;;;x
PROV491;Ugrakus;;;;;;;;;;;;;;x
c_ugrakus_adj;Ugrakusian;;;;;;;;;;;;;;x
PROV492;Paraporatapanti;;;;;;;;;;;;;;x
c_paraporatapanti_adj;Paraporatapantian;;;;;;;;;;;;;;x
PROV493;Upanti;;;;;;;;;;;;;;x
c_upanti_adj;Upantian;;;;;;;;;;;;;;x
PROV494;Kissarlewle;;;;;;;;;;;;;;x
c_kissarlewle_adj;Kissarlewian;;;;;;;;;;;;;;x
PROV495;Scodizdaronma;;;;;;;;;;;;;;x
c_scodizdaronma_adj;Scodizdaronman;;;;;;;;;;;;;;x
PROV496;Kusdvara;;;;;;;;;;;;;;x
c_kusdvara_adj;Kusdvara;;;;;;;;;;;;;;x
PROV497;Varkataka;;;;;;;;;;;;;;x
c_varkataka_adj;Varkatakan;;;;;;;;;;;;;;x
PROV498;Kusporata;;;;;;;;;;;;;;x
c_kusporata_adj;Kusporatan;;;;;;;;;;;;;;x
PROV499;Vaskila;;;;;;;;;;;;;;x
c_vaskila_adj;Vaskilan;;;;;;;;;;;;;;x
PROV500;Brinvaski;;;;;;;;;;;;;;x
c_brinvaski_adj;Brinvaskian;;;;;;;;;;;;;;x
PROV501;Zevaka;;;;;;;;;;;;;;x
c_zevaka_adj;Zevakan;;;;;;;;;;;;;;x
PROV502;Madulupa;;;;;;;;;;;;;;x
c_madulupa_adj;Madulupan;;;;;;;;;;;;;;x
PROV503;Aribla;;;;;;;;;;;;;;x
c_aribla_adj;Ariblan;;;;;;;;;;;;;;x
PROV504;Leipca;;;;;;;;;;;;;;x
c_leipca_adj;Leipcan;;;;;;;;;;;;;;x
PROV505;Hurkutipa;;;;;;;;;;;;;;x
c_hurkutipa_adj;Hurkutipan;;;;;;;;;;;;;;x
PROV506;Lipsoxais;;;;;;;;;;;;;;x
c_lipsoxais_adj;Lipsoxaisian;;;;;;;;;;;;;;x
PROV507;Abralu;;;;;;;;;;;;;;x
c_abralu_adj;Abralian;;;;;;;;;;;;;;x
PROV508;Lopa;;;;;;;;;;;;;;x
c_lopa_adj;Lopan;;;;;;;;;;;;;;x
PROV509;Alud;;;;;;;;;;;;;;x
c_alud_adj;Aludian;;;;;;;;;;;;;;x
PROV510;Agarmadupa;;;;;;;;;;;;;;x
c_agarmadupa_adj;Agarmadupan;;;;;;;;;;;;;;x
PROV511;Adapa;;;;;;;;;;;;;;x
c_adapa_adj;Adapan;;;;;;;;;;;;;;x
PROV512;Dapanti;;;;;;;;;;;;;;x
c_dapanti_adj;Dapantian;;;;;;;;;;;;;;x
PROV513;Argimpasa;;;;;;;;;;;;;;x
c_argimpasa_adj;Argimpasa;;;;;;;;;;;;;;x
PROV514;Arungasti;;;;;;;;;;;;;;x
c_arungasti_adj;Arungastian;;;;;;;;;;;;;;x
PROV515;Bagabala;;;;;;;;;;;;;;x
c_bagabala_adj;Bagabalan;;;;;;;;;;;;;;x
PROV516;Dargakala;;;;;;;;;;;;;;x
c_dargakala_adj;Dargakalan;;;;;;;;;;;;;;x
PROV517;Arparadata;;;;;;;;;;;;;;x
c_arparadata_adj;Arparadatan;;;;;;;;;;;;;;x
PROV518;Kissarun;;;;;;;;;;;;;;x
c_kissarun_adj;Kissarunian;;;;;;;;;;;;;;x
PROV519;Bagia;;;;;;;;;;;;;;x
c_bagia_adj;Bagian;;;;;;;;;;;;;;x
PROV520;Gipa;;;;;;;;;;;;;;x
c_gipa_adj;Gipan;;;;;;;;;;;;;;x
PROV521;Astakol;;;;;;;;;;;;;;x
c_astakol_adj;Astakolian;;;;;;;;;;;;;;x
PROV522;Madula;;;;;;;;;;;;;;x
c_madula_adj;Madula;;;;;;;;;;;;;;x
PROV523;Paradatapa;;;;;;;;;;;;;;x
c_paradatapa_adj;Paradatapan;;;;;;;;;;;;;;x
PROV524;Manur;;;;;;;;;;;;;;x
c_manur_adj;Manurian;;;;;;;;;;;;;;x
PROV525;Badyasko;;;;;;;;;;;;;;x
c_badyasko_adj;Badyaskian;;;;;;;;;;;;;;x
PROV526;Hvarzkutipa;;;;;;;;;;;;;;x
c_hvarzkutipa_adj;Hvarzkutipan;;;;;;;;;;;;;;x
PROV527;Naradvara;;;;;;;;;;;;;;x
c_naradvara_adj;Naradvaran;;;;;;;;;;;;;;x
PROV528;Boradvara;;;;;;;;;;;;;;x
c_boradvara_adj;Boradvaran;;;;;;;;;;;;;;x
PROV529;Syavakuspa;;;;;;;;;;;;;;x
c_syavakuspa_adj;Syavakuspan;;;;;;;;;;;;;;x
PROV530;Brinar;;;;;;;;;;;;;;x
c_brinar_adj;Brinarian;;;;;;;;;;;;;;x
PROV531;Navasati;;;;;;;;;;;;;;x
c_navasati_adj;Navasatian;;;;;;;;;;;;;;x
PROV532;Poratamata;;;;;;;;;;;;;;x
c_poratamata_adj;Poratamatan;;;;;;;;;;;;;;x
PROV533;Colaxais;;;;;;;;;;;;;;x
c_colaxais_adj;Colaxaisian;;;;;;;;;;;;;;x
PROV534;Garia;;;;;;;;;;;;;;x
c_garia_adj;Garian;;;;;;;;;;;;;;x
PROV535;Borapanti;;;;;;;;;;;;;;x
c_borapanti_adj;Borapantian;;;;;;;;;;;;;;x
PROV536;Poratapanti;;;;;;;;;;;;;;x
c_poratapanti_adj;Poratapantian;;;;;;;;;;;;;;x
PROV537;Dakus;;;;;;;;;;;;;;x
c_dakus_adj;Dakusian;;;;;;;;;;;;;;x
PROV538;Oirpata;;;;;;;;;;;;;;x
c_oirpata_adj;Oirpatan;;;;;;;;;;;;;;x
PROV539;Syavaparupa;;;;;;;;;;;;;;x
c_syavaparupa_adj;Syavaparupan;;;;;;;;;;;;;;x
PROV540;Dargaku;;;;;;;;;;;;;;x
c_dargaku_adj;Dargakusian;;;;;;;;;;;;;;x
PROV541;Frilewle;;;;;;;;;;;;;;x
c_frilewle_adj;Frilewle;;;;;;;;;;;;;;x
PROV542;Amapa;;;;;;;;;;;;;;x
c_amapa_adj;Amapan;;;;;;;;;;;;;;x
PROV543;Pantilo;;;;;;;;;;;;;;x
c_pantilo_adj;Pantilonian;;;;;;;;;;;;;;x
PROV544;Garta;;;;;;;;;;;;;;x
c_garta_adj;Gartan;;;;;;;;;;;;;;x
PROV545;Tamapa;;;;;;;;;;;;;;x
c_tamapa_adj;Tamapan;;;;;;;;;;;;;;x
PROV546;Gaumizda;;;;;;;;;;;;;;x
c_gaumizda_adj;Gaumizdan;;;;;;;;;;;;;;x
PROV547;Oitosyros;;;;;;;;;;;;;;x
c_oitosyros_adj;Oitosyrosian;;;;;;;;;;;;;;x
PROV548;Sinua;;;;;;;;;;;;;;x
c_sinua_adj;Sinuan;;;;;;;;;;;;;;x
PROV549;Paradatab;;;;;;;;;;;;;;x
c_paradatab_adj;Paradatabian;;;;;;;;;;;;;;x
PROV550;Gastia;;;;;;;;;;;;;;x
c_gastia_adj;Gastian;;;;;;;;;;;;;;x
PROV551;Zaranapa;;;;;;;;;;;;;;x
c_zaranapa_adj;Zaranapan;;;;;;;;;;;;;;x
PROV552;Gisati;;;;;;;;;;;;;;x
c_gisati_adj;Gisatian;;;;;;;;;;;;;;x
PROV553;Karsapa;;;;;;;;;;;;;;x
c_karsapa_adj;Karsapan;;;;;;;;;;;;;;x
PROV554;Hurka;;;;;;;;;;;;;;x
c_hurka_adj;Hurkan;;;;;;;;;;;;;;x
PROV555;Garuabra;;;;;;;;;;;;;;x
c_garuabra_adj;Garuabran;;;;;;;;;;;;;;x
PROV556;Hvarzgasti;;;;;;;;;;;;;;x
c_hvarzgasti_adj;Hvarzgastian;;;;;;;;;;;;;;x
PROV557;Syavavarkapa;;;;;;;;;;;;;;x
c_syavavarkapa_adj;Syavavarkapan;;;;;;;;;;;;;;x
PROV558;Hurmizda;;;;;;;;;;;;;;x
c_hurmizda_adj;Hurmizdan;;;;;;;;;;;;;;x
PROV559;Pasumata;;;;;;;;;;;;;;x
c_pasumata_adj;Pasumatan;;;;;;;;;;;;;;x
PROV560;Borun;;;;;;;;;;;;;;x
c_borun_adj;Borunian;;;;;;;;;;;;;;x
PROV561;Daranpa;;;;;;;;;;;;;;x
c_daranpa_adj;Daranpan;;;;;;;;;;;;;;x
PROV562;Zarkarun;;;;;;;;;;;;;;x
c_zarkarun_adj;Zarkarunian;;;;;;;;;;;;;;x
PROV563;Karsapatak;;;;;;;;;;;;;;x
c_karsapatak_adj;Karsapatakian;;;;;;;;;;;;;;x
PROV564;Satapada;;;;;;;;;;;;;;x
c_satapada_adj;Satapadan;;;;;;;;;;;;;;x
PROV565;Giarun;;;;;;;;;;;;;;x
c_giarun_adj;Giarunian;;;;;;;;;;;;;;x
PROV566;Kusgau;;;;;;;;;;;;;;x
c_kusgau_adj;Kusgauan;;;;;;;;;;;;;;x
PROV567;Artabagapa;;;;;;;;;;;;;;x
c_artabagapa_adj;Artabagapan;;;;;;;;;;;;;;x
PROV568;Narapa;;;;;;;;;;;;;;x
c_narapa_adj;Narapan;;;;;;;;;;;;;;x
PROV569;Katipatak;;;;;;;;;;;;;;x
c_katipatak_adj;Katipatakan;;;;;;;;;;;;;;x
PROV570;Zurklopa;;;;;;;;;;;;;;x
c_zurklopa_adj;Zurklopan;;;;;;;;;;;;;;x
PROV571;Kutipanti;;;;;;;;;;;;;;x
c_kutipanti_adj;Kutipantian;;;;;;;;;;;;;;x
PROV572;Sautaska;;;;;;;;;;;;;;x
c_sautaska_adj;Sautaskan;;;;;;;;;;;;;;x
PROV573;Novai;;;;;;;;;;;;;;x
c_novae_adj;Novaian;;;;;;;;;;;;;;x
PROV574;Oeskos;;;;;;;;;;;;;;x
c_oescus_adj;Oeskic;;;;;;;;;;;;;;x
PROV575;Mahta;;;;;;;;;;;;;;x
c_mahta_adj;Mahtan;;;;;;;;;;;;;;x
PROV576;Dranpa;;;;;;;;;;;;;;x
c_dranpa_adj;Dranpan;;;;;;;;;;;;;;x
PROV577;Navia;;;;;;;;;;;;;;x
c_navia_adj;Navian;;;;;;;;;;;;;;x
PROV578;Syavasin;;;;;;;;;;;;;;x
c_syavasin_adj;Syavasinian;;;;;;;;;;;;;;x
PROV579;Abragaru;;;;;;;;;;;;;;x
c_abragaru_adj;Abragarian;;;;;;;;;;;;;;x
PROV580;Matapanti;;;;;;;;;;;;;;x
c_matapanti_adj;Matapantian;;;;;;;;;;;;;;x
PROV581;Uvarazmish;;;;;;;;;;;;;;x
c_khiva_adj;Uvarazmishan;;;;;;;;;;;;;;x
PROV582;Satakata;;;;;;;;;;;;;;x
c_satakata_adj;Satakata;;;;;;;;;;;;;;x
PROV583;Pasuporata;;;;;;;;;;;;;;x
c_pasuporata_adj;Pasuporatan;;;;;;;;;;;;;;x
PROV584;Navapa;;;;;;;;;;;;;;x
c_navapa_adj;Navapan;;;;;;;;;;;;;;x
PROV585;Aspamesakapa;;;;;;;;;;;;;;x
c_aspamesakapa_adj;Aspamesakapan;;;;;;;;;;;;;;x
PROV586;Thagimasadas;;;;;;;;;;;;;;x
c_thagimasadas_adj;Thagimasadasian;;;;;;;;;;;;;;x
PROV587;Satagau;;;;;;;;;;;;;;x
c_satagau_adj;Satagauan;;;;;;;;;;;;;;x
PROV588;Agarur;;;;;;;;;;;;;;x
c_agarur_adj;Agarurian;;;;;;;;;;;;;;x
PROV589;Tabar;;;;;;;;;;;;;;x
c_tabar_adj;Tabarian;;;;;;;;;;;;;;x
PROV590;Syrmizda;;;;;;;;;;;;;;x
c_syrmizda_adj;Syrmizdan;;;;;;;;;;;;;;x
PROV591;Kutifriarpa;;;;;;;;;;;;;;x
c_kutifriarpa_adj;Kutifriarpan;;;;;;;;;;;;;;x
PROV592;Takati;;;;;;;;;;;;;;x
c_takati_adj;Takatian;;;;;;;;;;;;;;x
PROV593;Tabititope;;;;;;;;;;;;;;x
c_tabititope_adj;Tabititopean;;;;;;;;;;;;;;x
PROV594;Astaku;;;;;;;;;;;;;;x
c_astaku_adj;Astakian;;;;;;;;;;;;;;x
PROV595;Tabsyr;;;;;;;;;;;;;;x
c_tabsyr_adj;Tabsyrian;;;;;;;;;;;;;;x
PROV596;Dranshatipa;;;;;;;;;;;;;;x
c_dranshatipa_adj;Dranshatipan;;;;;;;;;;;;;;x
PROV597;Tamajara;;;;;;;;;;;;;;x
c_tamajara_adj;Tamajaran;;;;;;;;;;;;;;x
PROV598;Tadvara;;;;;;;;;;;;;;x
c_tadvara_adj;Tadvaran;;;;;;;;;;;;;;x
PROV599;Padakus;;;;;;;;;;;;;;x
c_padakus_adj;Padakusian;;;;;;;;;;;;;;x
PROV600;Takuti;;;;;;;;;;;;;;x
c_takuti_adj;Takutian;;;;;;;;;;;;;;x
PROV601;Xola-Xayasa;;;;;;;;;;;;;;x
c_xola_xayasa_adj;Xola-Xayasan;;;;;;;;;;;;;;x
PROV602;Axsainabaladapa;;;;;;;;;;;;;;x
c_axsainabaladapa_adj;Axsainabaladapan;;;;;;;;;;;;;;x
PROV603;Ugravarka;;;;;;;;;;;;;;x
c_ugravarka_adj;Ugravarkan;;;;;;;;;;;;;;x
PROV604;Gaukuti;;;;;;;;;;;;;;x
c_gaukuti_adj;Gaukutian;;;;;;;;;;;;;;x
PROV605;Ferghana;;;;;;;;;;;;;;x
c_tama_adj;Ferghanan;;;;;;;;;;;;;;x
PROV606;Lipa;;;;;;;;;;;;;;x
c_lipa_adj;Lipan;;;;;;;;;;;;;;x
PROV607;Satar;;;;;;;;;;;;;;x
c_satar_adj;Satarian;;;;;;;;;;;;;;x
PROV608;Gitab;;;;;;;;;;;;;;x
c_gitab_adj;Gitabian;;;;;;;;;;;;;;x
PROV609;Pantipari;;;;;;;;;;;;;;x
c_pantipari_adj;Pantiparian;;;;;;;;;;;;;;x
PROV610;Dsargalapa;;;;;;;;;;;;;;x
c_dsargalapa_adj;Dsargalapan;;;;;;;;;;;;;;x
PROV611;Navapada;;;;;;;;;;;;;;x
c_navapada_adj;Navapadan;;;;;;;;;;;;;;x
PROV612;Hursyr;;;;;;;;;;;;;;x
c_hursyr_adj;Hursyrian;;;;;;;;;;;;;;x
PROV613;Ris;;;;;;;;;;;;;;x
c_ris_adj;Risian;;;;;;;;;;;;;;x
PROV614;Banubalapa;;;;;;;;;;;;;;x
c_banubalapa_adj;Banubalapan;;;;;;;;;;;;;;x
PROV615;Lobrata;;;;;;;;;;;;;;x
c_lobrata_adj;Lobrata;;;;;;;;;;;;;;x
PROV616;Hvargaosa;;;;;;;;;;;;;;x
c_hvargaosa_adj;Hvargaosan;;;;;;;;;;;;;;x
PROV617;Kissarvadasz;;;;;;;;;;;;;;x
c_kissarvadasz_adj;Kissarvadasian;;;;;;;;;;;;;;x
PROV618;Ugraporata;;;;;;;;;;;;;;x
c_ugraporata_adj;Ugraporatan;;;;;;;;;;;;;;x
PROV619;Kataki;;;;;;;;;;;;;;x
c_kataki_adj;Katakian;;;;;;;;;;;;;;x
PROV620;Bagagasti;;;;;;;;;;;;;;x
c_bagagasti_adj;Bagagastian;;;;;;;;;;;;;;x
PROV621;Targitaios;;;;;;;;;;;;;;x
c_targitaios_adj;Targitaiosian;;;;;;;;;;;;;;x
PROV622;Garagaupa;;;;;;;;;;;;;;x
c_garagaupa_adj;Garagaupan;;;;;;;;;;;;;;x
PROV623;Karsabaga;;;;;;;;;;;;;;x
c_karsabaga_adj;Karsabagan;;;;;;;;;;;;;;x
PROV624;Ugrakati;;;;;;;;;;;;;;x
c_ugrakati_adj;Ugrakatian;;;;;;;;;;;;;;x
PROV625;Trikka;;;;;;;;;;;;;;x
c_trikka_adj;Trikkian;;;;;;;;;;;;;;x
PROV626;Magnesia;;;;;;;;;;;;;;x
c_magnesia_adj;Magnesian;;;;;;;;;;;;;;x
PROV627;Pieria;;;;;;;;;;;;;;x
c_pieria_adj;Pierian;;;;;;;;;;;;;;x
PROV628;Krestonia;;;;;;;;;;;;;;x
c_crestonia_adj;Krestonian;;;;;;;;;;;;;;x
PROV629;Trachis;;;;;;;;;;;;;;x
c_trachis_adj;Trachian;;;;;;;;;;;;;;x
PROV630;Poteidaia;;;;;;;;;;;;;;x
c_poteidaia_adj;Poteidaian;;;;;;;;;;;;;;x
PROV631;Torone;;;;;;;;;;;;;;x
c_torone_adj;Toronian;;;;;;;;;;;;;;x
PROV632;Apollonia;;;;;;;;;;;;;;x
c_apollonia_epidamnia_adj;Apollonian;;;;;;;;;;;;;;x
PROV633;Odomantike;;;;;;;;;;;;;;x
c_crenides_adj;Odomantian;;;;;;;;;;;;;;x
PROV634;Oraion;;;;;;;;;;;;;;x
c_oraion_adj;Oraionian;;;;;;;;;;;;;;x
PROV635;Zervai;;;;;;;;;;;;;;x
c_zervae_adj;Zervaian;;;;;;;;;;;;;;x
PROV636;Serdika;;;;;;;;;;;;;;x
c_serdica_adj;Serdikan;;;;;;;;;;;;;;x
PROV637;Chersonesos;;;;;;;;;;;;;;x
c_thracian_chersonese_adj;Chersonian;;;;;;;;;;;;;;x
PROV638;Kabyle;;;;;;;;;;;;;;x
c_kabyle_adj;Kabylian;;;;;;;;;;;;;;x
PROV639;Beroe;;;;;;;;;;;;;;x
c_beroe_adj;Beroean;;;;;;;;;;;;;;x
PROV640;Durostorum;;;;;;;;;;;;;;x
c_durostorum_adj;Durostorum;;;;;;;;;;;;;;x
PROV641;Karkine;;;;;;;;;;;;;;x
c_karkine_adj;Karkinian;;;;;;;;;;;;;;x
PROV642;Azara;;;;;;;;;;;;;;x
c_azara_adj;Azarian;;;;;;;;;;;;;;x
PROV643;Kashkar;;;;;;;;;;;;;;x
c_kashkar_adj;Kashkarian;;;;;;;;;;;;;;x
PROV644;Stalia;;;;;;;;;;;;;;x
c_genua_adj;Stalian;;;;;;;;;;;;;;x
PROV645;Eporedia;;;;;;;;;;;;;;x
c_eporedia_adj;Eporedian;;;;;;;;;;;;;;x
PROV646;Taurasia;;;;;;;;;;;;x;;
c_augusta_taurinorum_adj;Taurasian;;;;;;;;;;;;;;x
PROV647;Cularo;;;;;;;;;;;;x;;
c_cularo_adj;Cularian;;;;;;;;;;;;;;x
PROV648;Octodurus;;;;;;;;;;;;x;;
c_octodurus_adj;Octodurian;;;;;;;;;;;;x;;
PROV649;Darantasia;;;;;;;;;;;;x;;
c_darantasia_adj;Darantasian;;;;;;;;;;;;x;;
PROV650;Durotincum;;;;;;;;;;;;x;;
c_durotincum_adj;Durotincian;;;;;;;;;;;;x;;
PROV651;Clunia;;;;;;;;;;;;x;;
c_clunia_adj;Clunian;;;;;;;;;;;;x;;
PROV652;Curia;;;;;;;;;;;;x;;
c_curia_adj;Curian;;;;;;;;;;;;x;;
PROV653;Bellunum;;;;;;;;;;;;x;;
c_bellunum_adj;Bellunian;;;;;;;;;;;;;;x
PROV654;Aguntum;;;;;;;;;;;;x;;
c_aguntum_adj;Aguntian;;;;;;;;;;;;;;x
PROV655;Tridentium;;;;;;;;;;;;x;;
c_tridentium_adj;Tridentian;;;;;;;;;;;;x;;
PROV656;Scarbia;;;;;;;;;;;;x;;
c_scarbia_adj;Scarbian;;;;;;;;;;;;x;;
PROV657;Mastiacum;;;;;;;;;;;;x;;
c_mastiacum_adj;Mastiacan;;;;;;;;;;;;x;;
PROV658;Mahatitta;;;;;;;;;;;;x;;
c_mahatitta_adj;Mahatittan;;;;;;;;;;;;x;;
PROV659;Mihintale;;;;;;;;;;;;x;;
c_mihintale_adj;Mihintale;;;;;;;;;;;;x;;
PROV660;Anuradhapura;;;;;;;;;;;;x;;
c_anuradhapura_adj;Anuradhapuran;;;;;;;;;;;;x;;
PROV661;Lankapuri;;;;;;;;;;;;x;;
c_lankapuri_adj;Lankapurian;;;;;;;;;;;;x;;
PROV662;Odoka;;;;;;;;;;;;x;;
c_odoka_adj;Odokan;;;;;;;;;;;;x;;
PROV663;Katharagama;;;;;;;;;;;;x;;
c_katharagama_adj;Katharagaman;;;;;;;;;;;;x;;
PROV664;Mahiyangama;;;;;;;;;;;;x;;
c_mahiyangama_adj;Mahiyangaman;;;;;;;;;;;;x;;
PROV665;Kaverapuri;;;;;;;;;;;;x;;
c_kaverapuri_adj;Kaverapurian;;;;;;;;;;;;x;;
PROV666;Madura;;;;;;;;;;;;x;;
c_madura_adj;Maduran;;;;;;;;;;;;x;;
PROV667;Srirangam;;;;;;;;;;;;x;;
c_srirangam_adj;Srirangamian;;;;;;;;;;;;x;;
PROV668;Satyaputra;;;;;;;;;;;;x;;
c_satyaputra_adj;Satyaputran;;;;;;;;;;;;x;;
PROV669;Mahishapuri;;;;;;;;;;;;x;;
c_mahishapuri_adj;Mahishapurian;;;;;;;;;;;;x;;
PROV670;Mohodayapur;;;;;;;;;;;;x;;
c_mohodayapur_adj;Mohodayapurian;;;;;;;;;;;;x;;
PROV671;Syanantapur;;;;;;;;;;;;x;;
c_syanantapur_adj;Syanantapurian;;;;;;;;;;;;x;;
PROV672;Kumari;;;;;;;;;;;;x;;
c_kumari_adj;Kumari;;;;;;;;;;;;x;;
PROV673;Rajapuri;;;;;;;;;;;;x;;
c_rajapuri_adj;Rajapurian;;;;;;;;;;;;x;;
PROV674;Podouke;;;;;;;;;;;;x;;
c_podouke_adj;Podoukian;;;;;;;;;;;;x;;
PROV675;Kanchipura;;;;;;;;;;;;x;;
c_kanchipura_adj;Kanchipuran;;;;;;;;;;;;x;;
PROV676;Kalahasti;;;;;;;;;;;;x;;
c_kalahasti_adj;Kalahastian;;;;;;;;;;;;x;;
PROV677;Yashwantpur;;;;;;;;;;;;x;;
c_yashwantpur_adj;Yashwantpurian;;;;;;;;;;;;x;;
PROV678;Tennagora;;;;;;;;;;;;x;;
c_tennagora_adj;Tennagoran;;;;;;;;;;;;x;;
PROV679;Saupamike;;;;;;;;;;;;x;;
c_saupamike_adj;Saupamikean;;;;;;;;;;;;x;;
PROV680;Gokama;;;;;;;;;;;;x;;
c_gokama_adj;Gokaman;;;;;;;;;;;;x;;
PROV681;Gomantaka;;;;;;;;;;;;x;;
c_gomantaka_adj;Gomantakan;;;;;;;;;;;;x;;
PROV682;Taiakata;;;;;;;;;;;;x;;
c_taiakata_adj;Taiakatan;;;;;;;;;;;;x;;
PROV683;Kolhapuri;;;;;;;;;;;;x;;
c_kolhapuri_adj;Kolhapurian;;;;;;;;;;;;x;;
PROV684;Nrirgunta;;;;;;;;;;;;x;;
c_nrirgunta_adj;Nrirguntan;;;;;;;;;;;;x;;
PROV685;Kishkindha;;;;;;;;;;;;x;;
c_kishkindha_adj;Kishkindhan;;;;;;;;;;;;x;;
PROV686;Kalligeris;;;;;;;;;;;;x;;
c_kalligeris_adj;Kalligerian;;;;;;;;;;;;x;;
PROV687;Ahobhilam;;;;;;;;;;;;x;;
c_ahobhilam_adj;Ahobhilanian;;;;;;;;;;;;x;;
PROV688;Kantakossyla;;;;;;;;;;;;x;;
c_kantakossyla_adj;Kantakossylan;;;;;;;;;;;;x;;
PROV689;Kannagara;;;;;;;;;;;;x;;
c_kannagara_adj;Kannagaran;;;;;;;;;;;;x;;
PROV690;Nanigaina;;;;;;;;;;;;x;;
c_nanigaina_adj;Nanigainan;;;;;;;;;;;;x;;
PROV691;Korounkala;;;;;;;;;;;;x;;
c_korounkala_adj;Korounkalan;;;;;;;;;;;;x;;
PROV692;Pistapura;;;;;;;;;;;;x;;
c_pistapura_adj;Pistapuran;;;;;;;;;;;;x;;
PROV693;Sabara;;;;;;;;;;;;x;;
c_sabara_adj;Sabaran;;;;;;;;;;;;x;;
PROV694;Nastullapur;;;;;;;;;;;;x;;
c_nastullapur_adj;Nastullapurian;;;;;;;;;;;;x;;
PROV695;Kalingapur;;;;;;;;;;;;x;;
c_kalingapur_adj;Kalingapurian;;;;;;;;;;;;x;;
PROV696;Asuraghata;;;;;;;;;;;;x;;
c_asuraghata_adj;Asuraghatan;;;;;;;;;;;;x;;
PROV697;Arkapuri;;;;;;;;;;;;x;;
c_arkapuri_adj;Arkapurian;;;;;;;;;;;;x;;
PROV698;Rajapura;;;;;;;;;;;;x;;
c_rajapura_adj;Rajapuran;;;;;;;;;;;;x;;
PROV699;Uttara Osali;;;;;;;;;;;;x;;
c_uttara_osali_adj;Uttara Osalian;;;;;;;;;;;;x;;
PROV700;Bamanghati;;;;;;;;;;;;x;;
c_bamanghati_adj;Bamanghatian;;;;;;;;;;;;x;;
PROV701;Sada;;;;;;;;;;;;x;;
c_sada_adj;Sadan;;;;;;;;;;;;x;;
PROV702;Dantapura;;;;;;;;;;;;x;;
c_dantapura_adj;Dantapuran;;;;;;;;;;;;x;;
PROV703;Chandrakata;;;;;;;;;;;;x;;
c_chandrakata_adj;Chandrakatan;;;;;;;;;;;;x;;
PROV704;Tamralipti;;;;;;;;;;;;x;;
c_tamralipti_adj;Tamraliptian;;;;;;;;;;;;x;;
PROV705;Aganagara;;;;;;;;;;;;x;;
c_aganagara_adj;Aganagaran;;;;;;;;;;;;x;;
PROV706;Paundra;;;;;;;;;;;;x;;
c_paundra_adj;Paundran;;;;;;;;;;;;x;;
PROV707;Balipura;;;;;;;;;;;;x;;
c_balipura_adj;Balipuran;;;;;;;;;;;;x;;
PROV708;Devaprastha;;;;;;;;;;;;x;;
c_devaprastha_adj;Devaprasthan;;;;;;;;;;;;x;;
PROV709;Modagiri;;;;;;;;;;;;x;;
c_modagiri_adj;Modagirian;;;;;;;;;;;;x;;
PROV710;Mithila;;;;;;;;;;;;x;;
c_mithila_adj;Mithhilan;;;;;;;;;;;;x;;
PROV711;Sankasya;;;;;;;;;;;;x;;
c_sankasya_adj;Sankasyan;;;;;;;;;;;;x;;
PROV712;Kapilavastu;;;;;;;;;;;;x;;
c_kapilayastu_adj;Kapilavastuan;;;;;;;;;;;;x;;
PROV713;Gopala Kaksha;;;;;;;;;;;;x;;
c_gopala_kaksha_adj;Gopala Kakshan;;;;;;;;;;;;x;;
PROV714;Nepalakaksha;;;;;;;;;;;;x;;
c_nepalakaksha_adj;Nepalakakshan;;;;;;;;;;;;x;;
PROV715;Alaka;;;;;;;;;;;;x;;
c_alaka_adj;Alakan;;;;;;;;;;;;x;;
PROV716;Kinnara;;;;;;;;;;;;x;;
c_kinnara_adj;Kinnaran;;;;;;;;;;;;x;;
PROV717;Navadwipa;;;;;;;;;;;;x;;
c_navadwipa_adj;Navadwipan;;;;;;;;;;;;x;;
PROV718;Dandakabhukt;;;;;;;;;;;;x;;
c_dandakabhukt_adj;Dandakabhukt;;;;;;;;;;;;x;;
PROV719;Pataliputra;;;;;;;;;;;;x;;
c_pataliputra_adj;Pataliputran;;;;;;;;;;;;x;;
PROV720;Asura;;;;;;;;;;;;x;;
c_asura_adj;Asuran;;;;;;;;;;;;x;;
PROV721;Rohitaswa;;;;;;;;;;;;x;;
c_rohitaswa_adj;Rohitaswa;;;;;;;;;;;;x;;
PROV722;Hammaiom;;;;;;;;;;;;x;;
c_hammeum_adj;Hammaian;;;;;;;;;;;;x;;
PROV723;Agrouvion;;;;;;;;;;;;x;;
c_agruvium_adj;Agrouvian;;;;;;;;;;;;x;;
PROV724;Asthagoura;;;;;;;;;;;;x;;
c_asthagoura_adj;Asthagouran;;;;;;;;;;;;x;;
PROV725;Kusavati;;;;;;;;;;;;x;;
c_kusavati_adj;Kusavatian;;;;;;;;;;;;x;;
PROV726;Sringivera;;;;;;;;;;;;x;;
c_sringivera_adj;Sringiveran;;;;;;;;;;;;x;;
PROV727;Ayodhya;;;;;;;;;;;;x;;
c_ayodhya_adj;Ayodhyan;;;;;;;;;;;;x;;
PROV728;Surashtra;;;;;;;;;;;;x;;
c_surashtra_adj;Surashtran;;;;;;;;;;;;x;;
PROV729;Bhrigukaksha;;;;;;;;;;;;x;;
c_bhrigukaksha_adj;Bhrigukakshan;;;;;;;;;;;;x;;
PROV730;Dwaraka;;;;;;;;;;;;x;;
c_dwaraka_adj;Dwarakan;;;;;;;;;;;;x;;
PROV731;Sankadara;;;;;;;;;;;;x;;
c_sankadara_adj;Sankadaran;;;;;;;;;;;;x;;
PROV732;Prabbasa;;;;;;;;;;;;x;;
c_prabbasa_adj;Prabbasan;;;;;;;;;;;;x;;
PROV733;Sarmista;;;;;;;;;;;;x;;
c_sarmista_adj;Sarmistan;;;;;;;;;;;;x;;
PROV734;Ekalavya;;;;;;;;;;;;x;;
c_ekalavya_adj;Ekalavyan;;;;;;;;;;;;x;;
PROV735;Pushara;;;;;;;;;;;;x;;
c_pushara_adj;Pusharan;;;;;;;;;;;;x;;
PROV736;Matsya Puri;;;;;;;;;;;;x;;
c_matsya_puri_adj;Matsyan;;;;;;;;;;;;x;;
PROV737;Mathura;;;;;;;;;;;;x;;
c_mathura_adj;Mathuran;;;;;;;;;;;;x;;
PROV738;Indraprastha;;;;;;;;;;;;x;;
c_indraprastha_adj;Indraprasthan;;;;;;;;;;;;x;;
PROV739;Manusa;;;;;;;;;;;;x;;
c_manusa_adj;Manusan;;;;;;;;;;;;x;;
PROV740;Karavapana;;;;;;;;;;;;x;;
c_karavapana_adj;Karavapanan;;;;;;;;;;;;x;;
PROV741;Dwaita;;;;;;;;;;;;x;;
c_dwaita_adj;Dwaitan;;;;;;;;;;;;x;;
PROV742;Vinasana;;;;;;;;;;;;x;;
c_vinasana_adj;Vinasanan;;;;;;;;;;;;x;;
PROV743;Mandapura;;;;;;;;;;;;x;;
c_mandapura_adj;Mandapuran;;;;;;;;;;;;x;;
PROV744;Kanjakubja;;;;;;;;;;;;x;;
c_kanjakubja_adj;Kanjakubjan;;;;;;;;;;;;x;;
PROV745;Vrukastali;;;;;;;;;;;;x;;
c_vrukastali_adj;Vrukastalian;;;;;;;;;;;;x;;
PROV746;Hastinapura;;;;;;;;;;;;x;;
c_hastinapura_adj;Hastinapuran;;;;;;;;;;;;x;;
PROV747;Paramana Koti;;;;;;;;;;;;x;;
c_paramana_koti_adj;Paramanan;;;;;;;;;;;;x;;
PROV748;Haridwara;;;;;;;;;;;;x;;
c_haridwara_adj;Haridwaran;;;;;;;;;;;;x;;
PROV749;Aninacha;;;;;;;;;;;;x;;
c_aninacha_adj;Aninachan;;;;;;;;;;;;x;;
PROV750;Ahichatra;;;;;;;;;;;;x;;
c_ahichatra_adj;Ahichatran;;;;;;;;;;;;x;;
PROV751;Laharpur;;;;;;;;;;;;x;;
c_laharpur_adj;Lahapurian;;;;;;;;;;;;x;;
PROV752;Vitabhya;;;;;;;;;;;;x;;
c_vitabhya_adj;Vitabhyan;;;;;;;;;;;;x;;
PROV753;Gargasrota;;;;;;;;;;;;x;;
c_gargasrota_adj;Gargasrotan;;;;;;;;;;;;x;;
PROV754;Sapta Saraswati;;;;;;;;;;;;x;;
c_sapta_saraswati_adj;Saraswatian;;;;;;;;;;;;x;;
PROV755;Singhapura;;;;;;;;;;;;x;;
c_singhapura_adj;Singhapuran;;;;;;;;;;;;x;;
PROV756;Rajavasa;;;;;;;;;;;;x;;
c_rajavasa_adj;Rajavasan;;;;;;;;;;;;x;;
PROV757;Viswagaswa;;;;;;;;;;;;x;;
c_viswagaswa_adj;Viswagaswan;;;;;;;;;;;;x;;
PROV758;Vipasa;;;;;;;;;;;;x;;
c_vipasa_adj;Vipasan;;;;;;;;;;;;x;;
PROV759;Prasthala;;;;;;;;;;;;x;;
c_prasthala_adj;Prasthalan;;;;;;;;;;;;x;;
PROV760;Viratapuri;;;;;;;;;;;;x;;
c_viratapuri_adj;Viratapurian;;;;;;;;;;;;x;;
PROV761;Semylla;;;;;;;;;;;;x;;
c_semylla_adj;Semyllan;;;;;;;;;;;;x;;
PROV762;Matanga;;;;;;;;;;;;x;;
c_matanga_adj;Matangan;;;;;;;;;;;;x;;
PROV763;Agastyavati;;;;;;;;;;;;x;;
c_agastyavati_adj;Agastyavatian;;;;;;;;;;;;x;;
PROV764;Balistali;;;;;;;;;;;;x;;
c_balistali_adj;Balistanian;;;;;;;;;;;;x;;
PROV765;Pratisthana;;;;;;;;;;;;x;;
c_pratisthana_adj;Pratisthanan;;;;;;;;;;;;x;;
PROV766;Janasthana;;;;;;;;;;;;x;;
c_janasthana_adj;Janasthanan;;;;;;;;;;;;x;;
PROV767;Panchavati;;;;;;;;;;;;x;;
c_panchavati_adj;Panchavatian;;;;;;;;;;;;x;;
PROV768;Surpana;;;;;;;;;;;;x;;
c_surpana_adj;Surpanan;;;;;;;;;;;;x;;
PROV769;Lava;;;;;;;;;;;;x;;
c_lava_adj;Lavan;;;;;;;;;;;;x;;
PROV770;Madhyamika;;;;;;;;;;;;x;;
c_madhyamika_adj;Madhyamikan;;;;;;;;;;;;x;;
PROV771;Bhojapuri;;;;;;;;;;;;x;;
c_bhojapuri_adj;Bhojapurian;;;;;;;;;;;;x;;
PROV772;Ujjayani;;;;;;;;;;;;x;;
c_ujjayani_adj;Ujjayanian;;;;;;;;;;;;x;;
PROV773;Mahishmati;;;;;;;;;;;;x;;
c_mahishmati_adj;Mahishmati;;;;;;;;;;;;x;;
PROV774;Bhokardan;;;;;;;;;;;;x;;
c_bhokardan_adj;Bhokardanian;;;;;;;;;;;;x;;
PROV775;Bhojakata;;;;;;;;;;;;x;;
c_bhojakata_adj;Bhojakatan;;;;;;;;;;;;x;;
PROV776;Siripalla;;;;;;;;;;;;x;;
c_siripalla_adj;Siripallan;;;;;;;;;;;;x;;
PROV777;Visnapuri;;;;;;;;;;;;x;;
c_visnapuri_adj;Visnapurian;;;;;;;;;;;;x;;
PROV778;Kognabanda;;;;;;;;;;;;x;;
c_kognabanda_adj;Kognabandan;;;;;;;;;;;;x;;
PROV779;Dantipura;;;;;;;;;;;;x;;
c_dantipura_adj;Dantapuran;;;;;;;;;;;;x;;
PROV780;Savira;;;;;;;;;;;;x;;
c_savira_adj;Saviran;;;;;;;;;;;;x;;
PROV781;Kausambi;;;;;;;;;;;;x;;
c_kausambi_adj;Kausambian;;;;;;;;;;;;x;;
PROV782;Suktivati;;;;;;;;;;;;x;;
c_suktivati_adj;Suktivatian;;;;;;;;;;;;x;;
PROV783;Mirzapur;;;;;;;;;;;;x;;
c_mirzapur_adj;Mirzapurian;;;;;;;;;;;;x;;
PROV784;Amarakandaka;;;;;;;;;;;;x;;
c_amarakandaka_adj;Amarakandakan;;;;;;;;;;;;x;;
PROV785;Sarabhanga;;;;;;;;;;;;x;;
c_sarabhanga_adj;Sarabhangan;;;;;;;;;;;;x;;
PROV786;Sripura;;;;;;;;;;;;x;;
c_sripura_adj;Sripuran;;;;;;;;;;;;x;;
PROV787;Kundinapuri;;;;;;;;;;;;x;;
c_kundinapuri_adj;Kundinapurian;;;;;;;;;;;;x;;
PROV788;Sisupalgarh;;;;;;;;;;;;x;;
c_sisupalgarh_adj;Sisupalgarhian;;;;;;;;;;;;x;;
PROV789;Sabara;;;;;;;;;;;;x;;
c_sabara_maharashtri_adj;Sabaran;;;;;;;;;;;;x;;
PROV790;Bilaspur;;;;;;;;;;;;x;;
c_bilaspur_adj;Bilaspurian;;;;;;;;;;;;x;;
PROV791;Kapisa;;;;;;;;;;;;x;;
c_kapisa_adj;Kapisan;;;;;;;;;;;;x;;
PROV792;Yavana;;;;;;;;;;;;x;;
c_yavana_adj;Yavanan;;;;;;;;;;;;x;;
PROV793;Avisari;;;;;;;;;;;;x;;
c_avisari_adj;Avisarian;;;;;;;;;;;;x;;
PROV794;Srinagara;;;;;;;;;;;;x;;
c_sringara_adj;Srinagaran;;;;;;;;;;;;x;;
PROV795;Loha;;;;;;;;;;;;x;;
c_loha_adj;Lohan;;;;;;;;;;;;x;;
PROV796;Skardu;;;;;;;;;;;;x;;
c_skardu_adj;Skarduan;;;;;;;;;;;;x;;
PROV797;Lithinos;;;;;;;;;;;;x;;
c_lithinos_adj;Lithinian;;;;;;;;;;;;x;;
PROV798;Dilounton;;;;;;;;;;;;x;;
c_diluntum_adj;Dilountonian;;;;;;;;;;;;x;;
PROV799;Narona;;;;;;;;;;;;x;;
c_narona_adj;Naronan;;;;;;;;;;;;x;;
PROV800;Baloia;;;;;;;;;;;;x;;
c_baloia_adj;Baloian;;;;;;;;;;;;x;;
PROV801;Ourbate;;;;;;;;;;;;x;;
c_urbate_adj;Ourbatan;;;;;;;;;;;;x;;
PROV802;Salinai;;;;;;;;;;;;x;;
c_salinae_adj;Salinaean;;;;;;;;;;;;x;;
PROV803;Romouliana;;;;;;;;;;;;x;;
c_romuliana_adj;Romoulianan;;;;;;;;;;;;x;;
PROV804;Viminakion;;;;;;;;;;;;x;;
c_viminacium_adj;Viminakian;;;;;;;;;;;;x;;
PROV805;Domavion;;;;;;;;;;;;x;;
c_domavium_adj;Domavian;;;;;;;;;;;;x;;
PROV806;Sacidava;;;;;;;;;;;;x;;
c_sacidava_adj;Sacidavan;;;;;;;;;;;;x;;
PROV807;Zurobara;;;;;;;;;;;;x;;
c_zurobara_adj;Zurobaran;;;;;;;;;;;;x;;
PROV808;Partiskon;;;;;;;;;;;;x;;
c_partiskon_adj;Partiskonian;;;;;;;;;;;;x;;
PROV809;Singidava;;;;;;;;;;;;x;;
c_singidava_adj;Singidavan;;;;;;;;;;;;x;;
PROV810;Porolissum;;;;;;;;;;;;x;;
c_porolissum_adj;Porolissian;;;;;;;;;;;;x;;
PROV811;Trybactra;;;;;;;;;;;;x;;
c_trybactra_adj;Trybactrian;;;;;;;;;;;;x;;
PROV812;Curianda;;;;;;;;;;;;x;;
c_curianda_adj;Curiandan;;;;;;;;;;;;x;;
PROV813;Charracarta;;;;;;;;;;;;x;;
c_charracarta_adj;Charracartan;;;;;;;;;;;;x;;
PROV814;Aratha;;;;;;;;;;;;x;;
c_aratha_adj;Arathan;;;;;;;;;;;;x;;
PROV815;Artacoana;;;;;;;;;;;;x;;
c_artacoana_adj;Artacoanan;;;;;;;;;;;;x;;
PROV816;Chaurina;;;;;;;;;;;;x;;
c_chaurina_adj;Chaurinan;;;;;;;;;;;;x;;
PROV817;Parsia;;;;;;;;;;;;x;;
c_parsia_adj;Parsian;;;;;;;;;;;;x;;
PROV818;Carura;;;;;;;;;;;;x;;
c_carura_adj;Caruran;;;;;;;;;;;;x;;
PROV819;Prophtasia;;;;;;;;;;;;x;;
c_prophtasia_adj;Prophtasian;;;;;;;;;;;;x;;
PROV820;Shahristan;;;;;;;;;;;;x;;
c_shahristan_adj;Shahristanian;;;;;;;;;;;;x;;
PROV821;Zranka;;;;;;;;;;;;x;;
c_zranka_adj;Zrankan;;;;;;;;;;;;x;;
PROV822;Arachotoi;;;;;;;;;;;;x;;
c_arachotoi_adj;Arachotoian;;;;;;;;;;;;x;;
PROV823;Bithynion;;;;;;;;;;;;x;;
c_bithynion_adj;Bithynionian;;;;;;;;;;;;x;;
PROV824;Pelopia;;;;;;;;;;;;x;;
c_pelopia_adj;Pelopian;;;;;;;;;;;;x;;
PROV825;Erythrai;;;;;;;;;;;;x;;
c_erythrai_adj;Erythraian;;;;;;;;;;;;x;;
PROV826;Nysa;;;;;;;;;;;;x;;
c_nysa_adj;Nysan;;;;;;;;;;;;x;;
PROV827;Saittai;;;;;;;;;;;;x;;
c_saittai_adj;Saittaian;;;;;;;;;;;;x;;
PROV828;Knidos;;;;;;;;;;;;x;;
c_knidos_adj;Knidan;;;;;;;;;;;;x;;
PROV829;Attouda;;;;;;;;;;;;x;;
c_attouda_adj;Attoudan;;;;;;;;;;;;x;;
PROV830;Myra;;;;;;;;;;;;x;;
c_myra_adj;Attoudan;;;;;;;;;;;;x;;
PROV831;Oenoanda;;;;;;;;;;;;x;;
c_oenoanda_adj;Attoudan;;;;;;;;;;;;x;;
PROV832;Perge;;;;;;;;;;;;x;;
c_perge_adj;Pergan;;;;;;;;;;;;x;;
PROV833;Pappa;;;;;;;;;;;;x;;
c_pappa_adj;Pappan;;;;;;;;;;;;x;;
PROV834;Amblada;;;;;;;;;;;;x;;
c_amblada_adj;Ambladan;;;;;;;;;;;;x;;
PROV835;Garsaura;;;;;;;;;;;;x;;
c_garsaura_adj;Garsauran;;;;;;;;;;;;x;;
PROV836;Derbe;;;;;;;;;;;;x;;
c_derbe_adj;Derbean;;;;;;;;;;;;x;;
PROV837;Aizanoi;;;;;;;;;;;;x;;
c_aizanoi_adj;Aizanoian;;;;;;;;;;;;x;;
PROV838;Kimiatene;;;;;;;;;;;;x;;
c_kimiatene_adj;Kimiatenan;;;;;;;;;;;;x;;
PROV839;Zela;;;;;;;;;;;;x;;
c_zela_adj;Zelan;;;;;;;;;;;;x;;
PROV840;Euaissa;;;;;;;;;;;;x;;
c_euaissa_adj;Euaissan;;;;;;;;;;;;x;;
PROV841;Nyssa;;;;;;;;;;;;x;;
c_nyssa_adj;Nyssan;;;;;;;;;;;;x;;
PROV842;Gauraina;;;;;;;;;;;;x;;
c_gauraina_adj;Gaurainan;;;;;;;;;;;;x;;
PROV843;Thmoresis;;;;;;;;;;;;x;;
c_antinoopolis_adj;Gaurainan;;;;;;;;;;;;x;;
PROV844;Diospolis Mikra;;;;;;;;;;;;x;;
c_diospolis_mikra_adj;Diospolitan;;;;;;;;;;;;x;;
PROV845;Eileithiopolis;;;;;;;;;;;;x;;
c_eileithiopolis_adj;Eileithiopolitan;;;;;;;;;;;;x;;
PROV846;Rusguniae;;;;;;;;;;;;x;;
c_rusguniae_adj;Rusguniaean;;;;;;;;;;;;x;;
PROV847;Rapidum;;;;;;;;;;;;x;;
c_rapidum_adj;Rapidonian;;;;;;;;;;;;x;;
PROV848;Uzinaza;;;;;;;;;;;;x;;
c_uzinaza_adj;Uzinazan;;;;;;;;;;;;x;;
PROV849;Columnata;;;;;;;;;;;;x;;
c_columnata_adj;Columnatan;;;;;;;;;;;;x;;
PROV850;Mina;;;;;;;;;;;;x;;
c_mina_adj;Minan;;;;;;;;;;;;x;;
PROV851;Tigava;;;;;;;;;;;;x;;
c_tigava_adj;Tigavan;;;;;;;;;;;;x;;
PROV852;Iol;;;;;;;;;;;;x;;
c_iol_adj;Iolian;;;;;;;;;;;;x;;
PROV853;Gunugu;;;;;;;;;;;;x;;
c_gunugu_adj;Gunugunian;;;;;;;;;;;;x;;
PROV854;Cartenna;;;;;;;;;;;;x;;
c_cartenna_adj;Cartennan;;;;;;;;;;;;x;;
PROV855;Arsennaria;;;;;;;;;;;;x;;
c_arsennaria_adj;Arsennarian;;;;;;;;;;;;x;;
PROV856;Regiae;;;;;;;;;;;;x;;
c_regiae_adj;Regiae;;;;;;;;;;;;x;;
PROV857;Tigit;;;;;;;;;;;;x;;
c_tigit_adj;Tigit;;;;;;;;;;;;x;;
PROV858;Siga;;;;;;;;;;;;x;;
c_siga_adj;Sigan;;;;;;;;;;;;x;;
PROV859;Lemnis;;;;;;;;;;;;x;;
c_lemnis_adj;Lemnisian;;;;;;;;;;;;x;;
PROV860;Rusaddir;;;;;;;;;;;;x;;
c_rusaddir_adj;Rusaddir;;;;;;;;;;;;x;;
PROV861;Cobueta;;;;;;;;;;;;x;;
c_cobueta_adj;Cobuetan;;;;;;;;;;;;x;;
PROV862;Tingi;;;;;;;;;;;;x;;
c_tingi_adj;Tingian;;;;;;;;;;;;x;;
PROV863;Lixus;;;;;;;;;;;;x;;
c_lixus_adj;Lixian;;;;;;;;;;;;x;;
PROV864;Banasa;;;;;;;;;;;;x;;
c_banasa_adj;Banasan;;;;;;;;;;;;x;;
PROV865;Sala;;;;;;;;;;;;x;;
c_sala_africa_adj;Salaic;;;;;;;;;;;;x;;
PROV866;Volubis;;;;;;;;;;;;x;;
c_volubis_adj;Volubite;;;;;;;;;;;;x;;
PROV867;Galapha;;;;;;;;;;;;x;;
c_galapha_adj;Galaphan;;;;;;;;;;;;x;;
PROV868;Tillibari;;;;;;;;;;;;x;;
c_tillibari_adj;Tillibaric;;;;;;;;;;;;x;;
PROV869;Thenetos;;;;;;;;;;;;x;;
c_thenetos_adj;Thenetite;;;;;;;;;;;;x;;
PROV870;Cidamus;;;;;;;;;;;;x;;
c_cidamus_adj;Cidamite;;;;;;;;;;;;x;;
PROV871;Kissan;;;;;;;;;;;;x;;
c_kissan_adj;Kissanian;;;;;;;;;;;;x;;
PROV872;Dedris;;;;;;;;;;;;x;;
c_dedris_adj;Dedrite;;;;;;;;;;;;x;;
PROV873;Garama;;;;;;;;;;;;x;;
c_garama_adj;Garamante;;;;;;;;;;;;x;;
PROV874;Traghen;;;;;;;;;;;;x;;
c_traghen_adj;Traghen;;;;;;;;;;;;x;;
PROV875;Sabae;;;;;;;;;;;;x;;
c_sabae_adj;Sabaic;;;;;;;;;;;;x;;
PROV876;Baracum;;;;;;;;;;;;x;;
c_baracum_adj;Baraic;;;;;;;;;;;;x;;
PROV877;Waddan;;;;;;;;;;;;x;;
c_waddan_adj;Waddan;;;;;;;;;;;;x;;
PROV878;Marada;;;;;;;;;;;;x;;
c_marada_adj;Maradan;;;;;;;;;;;;x;;
PROV879;Augila;;;;;;;;;;;;x;;
c_augila_adj;Augilite;;;;;;;;;;;;x;;
PROV880;Ammon;;;;;;;;;;;;x;;
c_ammon_adj;Ammonian;;;;;;;;;;;;x;;
PROV881;Klimax;;;;;;;;;;;;x;;
c_klimax_adj;Klimaxic;;;;;;;;;;;;x;;
PROV882;Oasis Parva;;;;;;;;;;;;x;;
c_oasis_parva_adj;Parvaic;;;;;;;;;;;;x;;
PROV883;Oasis Trinitheos;;;;;;;;;;;;x;;
c_oasis_trinitheos_adj;Trinitheote;;;;;;;;;;;;x;;
PROV884;Tripolitana;;;;;;;;;;;;x;;
PROV885;Marmarica;;;;;;;;;;;;x;;
PROV886;Shule;;;;;;;;;;;;x;;
c_shule_adj;Shule;;;;;;;;;;;;x;;
PROV887;Qiuci;;;;;;;;;;;;x;;
c_qiuci_adj;Qiucian;;;;;;;;;;;;x;;
PROV888;Yanqi;;;;;;;;;;;;x;;
c_yanqi_adj;Yanqi;;;;;;;;;;;;x;;
PROV889;Guhu;;;;;;;;;;;;x;;
c_guhu_adj;Guhu;;;;;;;;;;;;x;;
PROV890;Loulan;;;;;;;;;;;;x;;
c_loulan_adj;Loulanese;;;;;;;;;;;;x;;
PROV891;Qiemo;;;;;;;;;;;;x;;
c_qiemo_adj;Qiemo;;;;;;;;;;;;x;;
PROV892;Hanmi;;;;;;;;;;;;x;;
c_hanmi_adj;Hanmi;;;;;;;;;;;;x;;
PROV893;Yutian;;;;;;;;;;;;x;;
c_yutian_adj;Yutianese;;;;;;;;;;;;x;;
PROV894;Suoju;;;;;;;;;;;;x;;
c_suoju_adj;Suoju;;;;;;;;;;;;x;;
PROV895;Wutanzili;;;;;;;;;;;;x;;
c_wutanzili_adj;Wutanzilian;;;;;;;;;;;;x;;
PROV896;Jumi;;;;;;;;;;;;x;;
c_jumi_adj;Jumi;;;;;;;;;;;;x;;
PROV897;Danhuan;;;;;;;;;;;;x;;
c_danhuan_adj;Danhuanese;;;;;;;;;;;;x;;
PROV898;Yulishi;;;;;;;;;;;;x;;
c_yulishi_adj;Yulishian;;;;;;;;;;;;x;;
PROV899;Pulei;;;;;;;;;;;;x;;
c_pulei_adj;Puleian;;;;;;;;;;;;x;;
PROV900;Gholaia;;;;;;;;;;;;x;;
c_gholaia_adj;Gholaian;;;;;;;;;;;;x;;
PROV901;Sciueref;;;;;;;;;;;;x;;
c_sciueref_adj;Sciuerefan;;;;;;;;;;;;x;;
PROV902;Zella;;;;;;;;;;;;x;;
c_zella_adj;Zellan;;;;;;;;;;;;x;;
PROV903;Gat;;;;;;;;;;;;x;;
c_gat_adj;Gatian;;;;;;;;;;;;x;;
PROV904;Djanet;;;;;;;;;;;;x;;
c_djanet_adj;Djanetian;;;;;;;;;;;;x;;
PROV905;Djado;;;;;;;;;;;;x;;
c_djado_adj;Djadoan;;;;;;;;;;;;x;;
PROV906;Kawar;;;;;;;;;;;;x;;
c_kawar_adj;Kawarian;;;;;;;;;;;;x;;
PROV907;Tumma;;;;;;;;;;;;x;;
c_tumma_adj;Tumman;;;;;;;;;;;;x;;
PROV908;Zuila;;;;;;;;;;;;x;;
c_zuila_adj;Zuilan;;;;;;;;;;;;x;;
PROV909;Tazerbo;;;;;;;;;;;;x;;
c_tazerbo_adj;Tazerbian;;;;;;;;;;;;x;;
PROV910;Koufra;;;;;;;;;;;;x;;
c_koufra_adj;Koufran;;;;;;;;;;;;x;;
PROV912;Turobriga;;;;;;;;;;;;x;;
c_turobriga_adj;Turobrigan;;;;;;;;;;;;x;;
PROV913;Segida;;;;;;;;;;;;x;;
c_segida_adj;Segidan;;;;;;;;;;;;x;;
PROV914;Artigi;;;;;;;;;;;;x;;
c_artigi_adj;Artigian;;;;;;;;;;;;x;;
PROV915;Munigua;;;;;;;;;;;;x;;
c_munigua_adj;Muniguan;;;;;;;;;;;;x;;
PROV917;Osset;;;;;;;;;;;;x;;
c_osset_adj;Ossetian;;;;;;;;;;;;x;;
PROV918;Hispalis;;;;;;;;;;;;x;;
c_hispalis_adj;Hispanian;;;;;;;;;;;;x;;
PROV920;Gadir;;;;;;;;;;;;x;;
c_gadir_adj;Gadirian;;;;;;;;;;;;x;;
PROV921;Carteia;;;;;;;;;;;;x;;
c_carteia_adj;Carteian;;;;;;;;;;;;x;;
PROV922;Suel;;;;;;;;;;;;x;;
c_suel_adj;Suelian;;;;;;;;;;;;x;;
PROV923;Sabora;;;;;;;;;;;;x;;
c_sabora_adj;Saboran;;;;;;;;;;;;x;;
PROV924;Segida;;;;;;;;;;;;x;;
c_segida_turdetania_adj;Segidan;;;;;;;;;;;;x;;
PROV925;Malaka;;;;;;;;;;;;x;;
c_malaca_adj;Malakan;;;;;;;;;;;;x;;
PROV926;Sexi;;;;;;;;;;;;x;;
c_sexi_adj;Sexian;;;;;;;;;;;;x;;
PROV927;Murgi;;;;;;;;;;;;x;;
c_murgi_adj;Murgian;;;;;;;;;;;;x;;
PROV928;Mirobriga;;;;;;;;;;;;x;;
c_mirobriga_adj;Mirobrigan;;;;;;;;;;;;x;;
PROV929;Corduba;;;;;;;;;;;;x;;
c_corduba_adj;Corduban;;;;;;;;;;;;x;;
PROV930;Edeba;;;;;;;;;;;;x;;
c_edeba_adj;Edeban;;;;;;;;;;;;x;;
PROV931;Laminium;;;;;;;;;;;;x;;
c_laminium_adj;Laminian;;;;;;;;;;;;x;;
PROV932;Libisosa;;;;;;;;;;;;x;;
c_libisosa_adj;Libisosan;;;;;;;;;;;;x;;
PROV933;Valeria;;;;;;;;;;;;x;;
c_valeria_adj;Valerian;;;;;;;;;;;;x;;
PROV935;Saguntum;;;;;;;;;;;;x;;
c_saguntum_adj;Saguntian;;;;;;;;;;;;x;;
PROV936;Hemeroskopion;;;;;;;;;;;;x;;
c_hemeroskopion_adj;Hemeroskopite;;;;;;;;;;;;x;;
PROV937;Saetabis;;;;;;;;;;;;x;;
c_saetabis_adj;Saetabian;;;;;;;;;;;;x;;
PROV938;Ilorci;;;;;;;;;;;;x;;
c_ilorci_adj;Ilorcian;;;;;;;;;;;;x;;
PROV939;Mastia;;;;;;;;;;;;x;;
c_carthago_nova_adj;Mastian;;;;;;;;;;;;x;;
PROV940;Bergastrum;;;;;;;;;;;;x;;
c_bergastrum_adj;Bergastran;;;;;;;;;;;;x;;
PROV941;Tugia;;;;;;;;;;;;x;;
c_tugia_adj;Tugian;;;;;;;;;;;;x;;
PROV942;Basti;;;;;;;;;;;;x;;
c_basti_adj;Bastian;;;;;;;;;;;;x;;
PROV943;Acci;;;;;;;;;;;;x;;
c_acci_adj;Accian;;;;;;;;;;;;x;;
PROV944;Ulia;;;;;;;;;;;;x;;
c_ulia_adj;Ulian;;;;;;;;;;;;x;;
PROV945;Ossonoba;;;;;;;;;;;;x;;
c_ossonoba_adj;Ossonoban;;;;;;;;;;;;x;;
PROV946;Lacobriga;;;;;;;;;;;;x;;
c_lacobriga_adj;Lacobrigan;;;;;;;;;;;;x;;
PROV947;Myrtilis;;;;;;;;;;;;x;;
c_myrtilis_adj;Myrtilian;;;;;;;;;;;;x;;
PROV948;Ebora;;;;;;;;;;;;x;;
c_ebora_adj;Eboran;;;;;;;;;;;;x;;
PROV949;Olisipo;;;;;;;;;;;;x;;
c_olisipo_adj;Olisipan;;;;;;;;;;;;x;;
PROV951;Ammaia;;;;;;;;;;;;x;;
c_ammaia_adj;Ammaian;;;;;;;;;;;;x;;
PROV952;Badua;;;;;;;;;;;;x;;
c_badua_adj;Baduan;;;;;;;;;;;;x;;
PROV953;Egitania;;;;;;;;;;;;x;;
c_egitania_adj;Egitanian;;;;;;;;;;;;x;;
PROV955;Longobriga;;;;;;;;;;;;x;;
c_longobriga_adj;Longobrigan;;;;;;;;;;;;x;;
PROV956;Talabriga;;;;;;;;;;;;x;;
c_talabriga_adj;Talabrigan;;;;;;;;;;;;x;;
PROV957;Bracara;;;;;;;;;;;;x;;
c_bracara_adj;Bracaran;;;;;;;;;;;;x;;
PROV958;Glandimirum;;;;;;;;;;;;x;;
c_glandimirum_adj;Glandimiran;;;;;;;;;;;;x;;
PROV959;Brigantium;;;;;;;;;;;;x;;
c_brigantium_adj;Brigantium;;;;;;;;;;;;x;;
PROV961;Lance;;;;;;;;;;;;x;;
c_lance_adj;Lancian;;;;;;;;;;;;x;;
PROV962;Asturica;;;;;;;;;;;;x;;
c_asturica_adj;Asturican;;;;;;;;;;;;x;;
PROV963;Compleutica;;;;;;;;;;;;x;;
c_compleutica_adj;Compleutican;;;;;;;;;;;;x;;
PROV964;Indibilis;;;;;;;;;;;;x;;
c_indibilis_adj;Indibilian;;;;;;;;;;;;x;;
PROV965;Dertosa;;;;;;;;;;;;x;;
c_dertosa_adj;Dertosan;;;;;;;;;;;;x;;
PROV966;Tarakon;;;;;;;;;;;;x;;
c_tarraco_adj;Tarakian;;;;;;;;;;;;x;;
PROV967;Baitolo;;;;;;;;;;;;x;;
c_baetulo_adj;Baitolan;;;;;;;;;;;;x;;
PROV968;Emporion;;;;;;;;;;;;x;;
c_emporion_adj;Emporian;;;;;;;;;;;;x;;
PROV969;Sebendounon;;;;;;;;;;;;x;;
c_sebendounon_adj;Sebendounian;;;;;;;;;;;;x;;
PROV970;Auso;;;;;;;;;;;;x;;
c_auso_adj;Ausan;;;;;;;;;;;;x;;
PROV971;Iltirta;;;;;;;;;;;;x;;
c_ilerda_adj;Iltirtan;;;;;;;;;;;;x;;
PROV972;Urgellum;;;;;;;;;;;;x;;
c_urgellum_adj;Urgellan;;;;;;;;;;;;x;;
PROV973;Labitulosa;;;;;;;;;;;;x;;
c_labitulosa_adj;Labitulosan;;;;;;;;;;;;x;;
PROV974;Osca;;;;;;;;;;;;x;;
c_osca_adj;Oscan;;;;;;;;;;;;x;;
PROV975;Contrebia;;;;;;;;;;;;x;;
c_contrebia_adj;Contrebian;;;;;;;;;;;;x;;
PROV976;Loutia;;;;;;;;;;;;x;;
c_loutia_adj;Loutian;;;;;;;;;;;;x;;
PROV977;Bilbilis;;;;;;;;;;;;x;;
c_bilbilis_adj;Bilbilian;;;;;;;;;;;;x;;
PROV978;Numantia;;;;;;;;;;;;x;;
c_numantia_adj;Numantian;;;;;;;;;;;;x;;
PROV979;Segia;;;;;;;;;;;;x;;
c_segia_adj;Segian;;;;;;;;;;;;x;;
PROV980;Oiasso;;;;;;;;;;;;x;;
c_oiasso_adj;Oiassan;;;;;;;;;;;;x;;
PROV982;Gebala;;;;;;;;;;;;x;;
c_gebala_adj;Gebalan;;;;;;;;;;;;x;;
PROV983;Pelva;;;;;;;;;;;;x;;
c_pelva_adj;Pelvan;;;;;;;;;;;;x;;
PROV984;Metulum;;;;;;;;;;;;x;;
c_metulum_adj;Metulian;;;;;;;;;;;;x;;
PROV985;Marsonia;;;;;;;;;;;;x;;
c_marsonia_adj;Marsonian;;;;;;;;;;;;x;;
PROV986;Pyrenaei montes;;;;;;;;;;;;x;;
PROV987;Gaetulia;;;;;;;;;;;;x;;
PROV988;Targa;;;;;;;;;;;;x;;
PROV989; ;;;;;;;;;;;;x;;
PROV990;Syrtica;;;;;;;;;;;;x;;
PROV991;Taklamakan;;;;;;;;;;;;x;;
PROV992;Hemodos Mons;;;;;;;;;;;;x;;
PROV993;Dandaka;;;;;;;;;;;;x;;
PROV994;India;;;;;;;;;;;;;;x
PROV995;Arabia;;;;;;;;;;;;;;x
PROV996;Aithiopia;;;;;;;;;;;;;;x
PROV997;Ge Eremos;;;;;;;;;;;;;;x
PROV998;Hai Alpeis;;;;;;;;;;;;;;x
PROV999;Caucasus Mons;;;;;;;;;;;;;;x
PROV1000;Neviodunum;;;;;;;;;;;;;;x
c_neviodunum_adj;Neviodunian;;;;;;;;;;;;;;x
PROV1001;Tiberiadis Mare;;;;;;;;;;;;;;x
PROV1002;Mortuum Mare;;;;;;;;;;;;;;x
PROV1003;Serota;;;;;;;;;;;;;;x
c_serota_adj;Serotan;;;;;;;;;;;;;;x
PROV1004;Tatta Lacus;;;;;;;;;;;;;;x
PROV1005;Karalis Lacus;;;;;;;;;;;;;;x
PROV1006;Ambracius Sinus;;;;;;;;;;;;;;x
PROV1007;Prasias Lacus;;;;;;;;;;;;;;x
PROV1008;Lichnitis Limne;;;;;;;;;;;;;;x
PROV1009;Labeatis Lacus;;;;;;;;;;;;;;x
PROV1010;Hipponensis Lacus;;;;;;;;;;;;;;x
PROV1011;Tritonis Palus;;;;;;;;;;;;;;x
PROV1012;Tharthar Lacus;;;;;;;;;;;;;;x
PROV1013;Thospitis Limne;;;;;;;;;;;;;;x
PROV1014;Matiane Limne;;;;;;;;;;;;;;x
PROV1015;Lychnitis Limne;;;;;;;;;;;;;;x
PROV1016;;;;;;;;;;;;;;;x
PROV1017;Hyrkanion Pelagos;;;;;;;;;;;;;;x
PROV1018;Kara Bogaz Gol;;;;;;;;;;;;;;x
PROV1019;;;;;;;;;;;;;;;x
PROV1020;Aral Sea;;;;;;;;;;;;;;x
PROV1021;Oxeiane Limne;;;;;;;;;;;;;;x
PROV1022;Lacus Lemannus;;;;;;;;;;;;;;x
PROV1023;Propontis;;;;;;;;;;;;;;x
PROV1024;Pontos Euxeinos Dysmikos;;;;;;;;;;;;;;x
PROV1025;Thalassa Tyrantos;;;;;;;;;;;;;;x
PROV1026;Pontos Euxeinos Anatolikos;;;;;;;;;;;;;;x
PROV1027;Maiotes Limne;;;;;;;;;;;;;;x
PROV1028;Pelagos Thraikikon;;;;;;;;;;;;;;x
PROV1029;Aigaion Pelagos;;;;;;;;;;;;;;x
PROV1030;Myrtoion Pelagos;;;;;;;;;;;;;;x
PROV1031;Pelagos Kretikon;;;;;;;;;;;;;;x
PROV1032;Thalassa Pamphyliake;;;;;;;;;;;;;;x
PROV1033;Thalassa Kypriake;;;;;;;;;;;;;;x
PROV1034;Phoinikike Thalassa;;;;;;;;;;;;;;x
PROV1035;Thalassa Delta;;;;;;;;;;;;;;x
PROV1036;Thalassa Aigyptiake Dysmike;;;;;;;;;;;;;;x
PROV1037;Kurenes Thalassa;;;;;;;;;;;;;;x
PROV1038;Mare Libycae;;;;;;;;;;;;;;x
PROV1039;Malta Canalem;;;;;;;;;;;;;;x
PROV1040;Litora Africae;;;;;;;;;;;;;;x
PROV1041;Hipponensis Sinus;;;;;;;;;;;;;;x
PROV1042;Mare Sardorum;;;;;;;;;;;;;;x
PROV1043;Mare Ligusticum;;;;;;;;;;;;;;x
PROV1044;Inferum Mare;;;;;;;;;;;;;;x
PROV1045;Fretum Sicilum;;;;;;;;;;;;;;x
PROV1046;Sinus Tarentini;;;;;;;;;;;;;;x
PROV1047;Thalassa Ionike;;;;;;;;;;;;;;x
PROV1048;Kolpos Korinthiakos;;;;;;;;;;;;;;x
PROV1049;Mare Superum;;;;;;;;;;;;;;x
PROV1050;Illyrici Maris;;;;;;;;;;;;;;x
PROV1051;Sinum Venetos;;;;;;;;;;;;;;x
PROV1052;Thalassa Erythra;;;;;;;;;;;;;;x
PROV1053;Thalassa Aithiopike;;;;;;;;;;;;;;x
PROV1054;Thalassa Notia;;;;;;;;;;;;;;x
PROV1055;Thalassa Maleos;;;;;;;;;;;;;;x
PROV1056;Dioskouridou Thalassa;;;;;;;;;;;;;;x
PROV1057;Thalassa Arabike;;;;;;;;;;;;;;x
PROV1058;Gedrosias Pelagos;;;;;;;;;;;;;;x
PROV1059;Kolpos Persikos;;;;;;;;;;;;;;x
PROV1060;Shauraseni Samudra;;;;;;;;;;;;;;x
PROV1061;Kannada Samudra;;;;;;;;;;;;;;x
PROV1062;Chera Samudra;;;;;;;;;;;;;;x
PROV1063;Tamil Samudra;;;;;;;;;;;;;;x
PROV1064;Lanka Samudra;;;;;;;;;;;;;;x
PROV1065;Vijaya Samudra;;;;;;;;;;;;;;x
PROV1066;Telinga Samudra;;;;;;;;;;;;;;x
PROV1067;Kalinga Samudra;;;;;;;;;;;;;;x
PROV1068;Masaesyli Mare;;;;;;;;;;;;;;x
PROV1069;Herculis Mare;;;;;;;;;;;;;;x
PROV1070;Tingitana Mare;;;;;;;;;;;;;;x
PROV1071;Balkhash;;;;;;;;;;;;;;x
PROV1072;Kopaias Lacus;;;;;;;;;;;;;;x
PROV1073;Ibericum Mare;;;;;;;;;;;;;;x
PROV1074;Lusitanium Mare;;;;;;;;;;;;;;x
PROV1075;Artabris Sinus;;;;;;;;;;;;;;x
PROV1076;Cantabricus Oceanus;;;;;;;;;;;;;;x
PROV1077;Aquitanicus Sinus;;;;;;;;;;;;;;x
PROV1078;Britannicum Mare;;;;;;;;;;;;;;x
PROV1079;Fretum Oceani;;;;;;;;;;;;;;x
PROV1080;Metaris Eischusis;;;;;;;;;;;;;;x
PROV1081;Ouergionios Okeanos;;;;;;;;;;;;;;x
PROV1082;Iouernikos Okeanos;;;;;;;;;;;;;;x
PROV1083;Ganganus Oceanus;;;;;;;;;;;;;;x
PROV1084;Nagnatum Oceanus;;;;;;;;;;;;;;x
PROV1085;Dounon Kolpos;;;;;;;;;;;;;;x
PROV1086;Bodotria Aestuarium;;;;;;;;;;;;;;x
PROV1087;Douekaledonios Okeanos;;;;;;;;;;;;;;x
PROV1088;Dytikos Okeanos;;;;;;;;;;;;;;x
PROV1089;Codanus Sinus;;;;;;;;;;;;;;x
PROV1090;Helinium;;;;;;;;;;;;;;x
PROV1091;Flevum Lacus;;;;;;;;;;;;;;x
PROV1092;Celeia;;;;;;;;;;;;;;x
c_celeia_adj;Celeian;;;;;;;;;;;;;;x
PROV1093;Iovia;;;;;;;;;;;;;;x
c_iovia_adj;Iovian;;;;;;;;;;;;;;x
PROV1094;Aquincum;;;;;;;;;;;;;;x
c_aquincum_adj;Aquincian;;;;;;;;;;;;;;x
PROV1095;Gorsium;;;;;;;;;;;;;;x
c_gorsium_adj;Gorsian;;;;;;;;;;;;;;x
PROV1096;Mogentiana;;;;;;;;;;;;;;x
c_mogentiana_adj;Mogentianan;;;;;;;;;;;;;;x
PROV1097;Savaria;;;;;;;;;;;;;;x
c_savaria_adj;Savaria;;;;;;;;;;;;;;x
PROV1098;Poetovio;;;;;;;;;;;;;;x
c_poetovio_adj;Poetovio;;;;;;;;;;;;;;x
PROV1099;Pola;;;;;;;;;;;;;;x
c_pola_adj;Polan;;;;;;;;;;;;;;x
PROV1100;Teurnia;;;;;;;;;;;;;;x
c_teurnia_adj;Teurnian;;;;;;;;;;;;;;x
PROV1101;Lauriacum;;;;;;;;;;;;;;x
c_lauriacum_adj;Lauriacian;;;;;;;;;;;;;;x
PROV1102;Cetium;;;;;;;;;;;;;;x
c_cetium_adj;Cetian;;;;;;;;;;;;;;x
PROV1103;Vindobona;;;;;;;;;;;;;;x
c_vindobona_adj;Vindobonan;;;;;;;;;;;;;;x
PROV1104;Brigetio;;;;;;;;;;;;;;x
c_brigetio_adj;Brigetian;;;;;;;;;;;;;;x
PROV1105;Mursella;;;;;;;;;;;;;;x
c_mursella_adj;Mursellan;;;;;;;;;;;;;;x
PROV1106;Panormos;;;;;;;;;;;;;;x
c_panormos_adj;Panorman;;;;;;;;;;;;;;x
PROV1107;Adranon;;;;;;;;;;;;;;x
c_adranon_adj;Adranian;;;;;;;;;;;;;;x
PROV1108;Hippana;;;;;;;;;;;;;;x
c_hippana_adj;Hippanan;;;;;;;;;;;;;;x
PROV1109;Motyon;;;;;;;;;;;;;;x
c_motyon_adj;Motyonian;;;;;;;;;;;;;;x
PROV1110;Henna;;;;;;;;;;;;;;x
c_henna_adj;Hennian;;;;;;;;;;;;;;x
PROV1111;Morgantina;;;;;;;;;;;;;;x
c_morgantina_adj;Morgantinan;;;;;;;;;;;;;;x
PROV1112;Akragas;;;;;;;;;;;;;;x
c_akragas_adj;Akragasian;;;;;;;;;;;;;;x
PROV1113;Tyndaris;;;;;;;;;;;;;;x
c_tyndaris_adj;Tyndarian;;;;;;;;;;;;;;x
PROV1114;Hipponion;;;;;;;;;;;;;;x
c_hipponion_adj;Hipponion;;;;;;;;;;;;;;x
PROV1115;Locris;;;;;;;;;;;;;;x
c_locris_adj;Locrian;;;;;;;;;;;;;;x
PROV1116;Caprasia;;;;;;;;;;;;;;x
c_caprasia_adj;Caprasian;;;;;;;;;;;;;;x
PROV1117;Potentia;;;;;;;;;;;;;;x
c_potentia_adj;Potentian;;;;;;;;;;;;;;x
PROV1118;Lupiae;;;;;;;;;;;;;;x
c_lupiae_adj;Lupiaean;;;;;;;;;;;;;;x
PROV1119;Barium;;;;;;;;;;;;;;x
c_barium_adj;Barian;;;;;;;;;;;;;;x
PROV1120;Grumentum;;;;;;;;;;;;;;x
c_grumentum_adj;Grumentian;;;;;;;;;;;;;;x
PROV1121;Aeclanum;;;;;;;;;;;;;;x
c_aeclanum_adj;Aeclanian;;;;;;;;;;;;;;x
PROV1122;Aufidena;;;;;;;;;;;;;;x
c_aufidena_adj;Aufidenan;;;;;;;;;;;;;;x
PROV1123;Histonium;;;;;;;;;;;;;;x
c_histonium_adj;Histonian;;;;;;;;;;;;;;x
PROV1124;Mevaniola;;;;;;;;;;;;;;x
c_mevaniola_adj;Mevaniolan;;;;;;;;;;;;;;x
PROV1125;Saena;;;;;;;;;;;;;;x
c_saena_adj;Saenan;;;;;;;;;;;;;;x
PROV1126;Marruvium;;;;;;;;;;;;;;x
c_marruvium_adj;Marruvian;;;;;;;;;;;;;;x
PROV1127;Aquileia;;;;;;;;;;;;;;x
c_aquileia_adj;Aquileian;;;;;;;;;;;;;;x
PROV1128;Opilergum;;;;;;;;;;;;;;x
c_opilergum_adj;Opilergian;;;;;;;;;;;;;;x
PROV1129;Dertona;;;;;;;;;;;;;;x
c_dertona_adj;Dertonan;;;;;;;;;;;;;;x
PROV1130;Bergomum;;;;;;;;;;;;;;x
c_bergomum_adj;Bergomunian;;;;;;;;;;;;;;x
PROV1131;Cremona;;;;;;;;;;;;;;x
c_cremona_adj;Cremonan;;;;;;;;;;;;;;x
PROV1132;Mutina;;;;;;;;;;;;;;x
c_mutina_adj;Mutinan;;;;;;;;;;;;;;x
PROV1133;Tartessos;;;;;;;;;;;;;;x
c_tartessos_adj;Tartessian;;;;;;;;;;;;;;x
PROV1134;Praesidium;;;;;;;;;;;;;;x
c_praesidium_adj;Praesidian;;;;;;;;;;;;;;x
PROV1135;Salacia;;;;;;;;;;;;;;x
c_salacia_adj;Salacian;;;;;;;;;;;;;;x
PROV1136;Ilici;;;;;;;;;;;;;;x
c_ilici_adj;Ilician;;;;;;;;;;;;;;x
PROV1137;Lucentum;;;;;;;;;;;;;;x
c_lucentum_adj;Lucentian;;;;;;;;;;;;;;x
PROV1138;Sucia;;;;;;;;;;;;;;x
c_sucia_adj;Sucian;;;;;;;;;;;;;;x
PROV1139;Tongobriga;;;;;;;;;;;;;;x
c_tongobriga_adj;Tongobrigan;;;;;;;;;;;;;;x
PROV1140;Malamoneda;;;;;;;;;;;;;;x
c_malamoneda_adj;Malamonedan;;;;;;;;;;;;;;x
PROV1141;Urbiaca;;;;;;;;;;;;;;x
c_urbiaca_adj;Urbiacan;;;;;;;;;;;;;;x
PROV1142;Lassira;;;;;;;;;;;;;;x
c_lassira_adj;Lassiran;;;;;;;;;;;;;;x
PROV1143;Capera;;;;;;;;;;;;;;x
c_capera_adj;Caperan;;;;;;;;;;;;;;x
PROV1144;Mantua;;;;;;;;;;;;;;x
c_mantua_adj;Mantuan;;;;;;;;;;;;;;x
PROV1145;Tourmogon;;;;;;;;;;;;;;x
c_tourmogon_adj;Tourmogonian;;;;;;;;;;;;;;x
PROV1146;Conimbriga;;;;;;;;;;;;;;x
c_conimbriga_adj;Conimbrigan;;;;;;;;;;;;;;x
PROV1147;Elbocoris;;;;;;;;;;;;;;x
c_elbocoris_adj;Elbocorian;;;;;;;;;;;;;;x
PROV1148;Caladunum;;;;;;;;;;;;;;x
c_caladunum_adj;Caladunian;;;;;;;;;;;;;;x
PROV1149;Dactionum;;;;;;;;;;;;;;x
c_dactionum_adj;Dactionian;;;;;;;;;;;;;;x
PROV1150;Gigia;;;;;;;;;;;;;;x
c_gigia_adj;Gigian;;;;;;;;;;;;;;x
PROV1151;Uttaris;;;;;;;;;;;;;;x
c_uttaris_adj;Uttarian;;;;;;;;;;;;;;x
PROV1152;Ocelum;;;;;;;;;;;;;;x
c_ocelum_adj;Ocelan;;;;;;;;;;;;;;x
PROV1153;Pailontion;;;;;;;;;;;;;;x
c_pailontion_adj;Ocelan;;;;;;;;;;;;;;x
PROV1154;Alisanco;;;;;;;;;;;;;;x
c_alisanco_adj;Alisancan;;;;;;;;;;;;;;x
PROV1155;Celsa;;;;;;;;;;;;;;x
c_celsa_adj;Celsan;;;;;;;;;;;;;;x
PROV1156;Andelos;;;;;;;;;;;;;;x
c_andelos_adj;Andelosian;;;;;;;;;;;;;;x
PROV1157;Nooulon;;;;;;;;;;;;;;x
c_nooulon_adj;Nooulonian;;;;;;;;;;;;;;x
PROV1158;Ruscino;;;;;;;;;;;;;;x
c_ruscino_adj;Ruscinian;;;;;;;;;;;;;;x
PROV1159;Narbo Martius;;;;;;;;;;;;;;x
c_narbo_martius_adj;Narbonnian;;;;;;;;;;;;;;x
PROV1160;Baeterrae;;;;;;;;;;;;;;x
c_baeterrae_adj;Baeterrian;;;;;;;;;;;;;;x
PROV1161;Lattara;;;;;;;;;;;;;;x
c_lattara_adj;Lattaran;;;;;;;;;;;;;;x
PROV1162;Nemausus;;;;;;;;;;;;;;x
c_nemausus_adj;Nemausian;;;;;;;;;;;;;;x
PROV1163;Pergantion;;;;;;;;;;;;;;x
c_pergantion_adj;Pergantian;;;;;;;;;;;;;;x
PROV1164;Griselica;;;;;;;;;;;;;;x
c_griselica_adj;Griselican;;;;;;;;;;;;;;x
PROV1165;Noiomagos;;;;;;;;;;;;;;x
c_noiomagos_adj;Noiomagos;;;;;;;;;;;;;;x
PROV1166;Venetonimagus;;;;;;;;;;;;;;x
c_venetonimagus_adj;Venetonimagian;;;;;;;;;;;;;;x
PROV1167;Vienna;;;;;;;;;;;;;;x
c_vienna_adj;Viennese;;;;;;;;;;;;;;x
PROV1168;Brugetia;;;;;;;;;;;;;;x
c_brugetia_adj;Brugetian;;;;;;;;;;;;;;x
PROV1169;Andusia;;;;;;;;;;;;;;x
c_andusia_adj;Andusian;;;;;;;;;;;;;;x
PROV1170;Alba Helviorum;;;;;;;;;;;;;;x
c_alba_helviorum_adj;Helviarian;;;;;;;;;;;;;;x
PROV1171;Luteva;;;;;;;;;;;;;;x
c_luteva_adj;Lutevian;;;;;;;;;;;;;;x
PROV1172;Albiga;;;;;;;;;;;;;;x
c_albiga_adj;Albigan;;;;;;;;;;;;;;x
PROV1173;Bassiacum;;;;;;;;;;;;;;x
c_bassiacum_adj;Bassiacan;;;;;;;;;;;;;;x
PROV1174;Tolosa;;;;;;;;;;;;;;x
c_tolosa_adj;Tolosan;;;;;;;;;;;;;;x
PROV1175;Elimberrum;;;;;;;;;;;;;;x
c_elimberrum_adj;Elimberrian;;;;;;;;;;;;;;x
PROV1176;Tarba;;;;;;;;;;;;;;x
c_tarba_adj;Tarban;;;;;;;;;;;;;;x
PROV1177;Elusa;;;;;;;;;;;;;;x
c_elusa_adj;Elusian;;;;;;;;;;;;;;x
PROV1178;Benehardum;;;;;;;;;;;;;;x
c_benehardum_adj;Benehardian;;;;;;;;;;;;;;x
PROV1179;Iluro;;;;;;;;;;;;;;x
c_iluro_adj;Ilurian;;;;;;;;;;;;;;x
PROV1180;Aquae Terebellicae;;;;;;;;;;;;;;x
c_aquae_terebellicae_adj;Terebellican;;;;;;;;;;;;;;x
PROV1181;Boii;;;;;;;;;;;;;;x
c_boii_adj;Boiian;;;;;;;;;;;;;;x
PROV1182;Burdigala;;;;;;;;;;;;;;x
c_burdigala_adj;Burdigalan;;;;;;;;;;;;;;x
PROV1183;Noulomagos;;;;;;;;;;;;;;x
c_noulomagos_adj;Noulomagian;;;;;;;;;;;;;;x
PROV1184;Gesocribate;;;;;;;;;;;;;;x
c_gesocribate_adj;Gesocribatan;;;;;;;;;;;;;;x
PROV1185;Vorgium;;;;;;;;;;;;;;x
c_vorgium_adj;Vorgian;;;;;;;;;;;;;;x
PROV1186;Darioritum;;;;;;;;;;;;;;x
c_darioritum_adj;Darioritan;;;;;;;;;;;;;;x
PROV1187;Fanum Martis;;;;;;;;;;;;;;x
c_fanum_martis_adj;Fanian;;;;;;;;;;;;;;x
PROV1188;Namnetum;;;;;;;;;;;;;;x
c_namnetum_adj;Namnetian;;;;;;;;;;;;;;x
PROV1189;Conbaristum;;;;;;;;;;;;;;x
c_conbaristum_adj;Conbaristian;;;;;;;;;;;;;;x
PROV1190;Condate;;;;;;;;;;;;;;x
c_condate_adj;Condatian;;;;;;;;;;;;;;x
PROV1191;Cosedia;;;;;;;;;;;;;;x
c_cosedia_adj;Cosedian;;;;;;;;;;;;;;x
PROV1192;Augustodurum;;;;;;;;;;;;;;x
c_augustodurum_adj;Augustodurian;;;;;;;;;;;;;;x
PROV1193;Noviomagus;;;;;;;;;;;;;;x
c_noviomagus_adj;Noviomagian;;;;;;;;;;;;;;x
PROV1194;Autricum;;;;;;;;;;;;;;x
c_autricum_adj;Autrician;;;;;;;;;;;;;;x
PROV1195;Iuliomagus;;;;;;;;;;;;;;x
c_iuliomagus_adj;Iuliomagian;;;;;;;;;;;;;;x
PROV1196;Bricca;;;;;;;;;;;;;;x
c_bricca_adj;Briccan;;;;;;;;;;;;;;x
PROV1197;Cenabum;;;;;;;;;;;;;;x
c_cenabum_adj;Cenabian;;;;;;;;;;;;;;x
PROV1198;Lutetia;;;;;;;;;;;;;;x
c_lutetia_adj;Lutetian;;;;;;;;;;;;;;x
PROV1199;Intaranum;;;;;;;;;;;;;;x
c_intaranum_adj;Intaranian;;;;;;;;;;;;;;x
PROV1200;Ocules;;;;;;;;;;;;;;x
c_ocules_adj;Oculian;;;;;;;;;;;;;;x
PROV1201;Toletum;;;;;;;;;;;;;;x
c_toletum_adj;Toletian;;;;;;;;;;;;;;x
PROV1202;Tamusia;;;;;;;;;;;;;;x
c_tamusia_adj;Tamusian;;;;;;;;;;;;;;x
PROV1204;Arriaca;;;;;;;;;;;;;;x
c_arriaca_adj;Arriacan;;;;;;;;;;;;;;x
PROV1206;Capera;;;;;;;;;;;;;;x
c_capera_adj;Caperan;;;;;;;;;;;;;;x
PROV1208;Salmantica;;;;;;;;;;;;;;x
c_salmantica_adj;Salamantican;;;;;;;;;;;;;;x
PROV1210;Segovia;;;;;;;;;;;;;;x
c_segovia_adj;Segovian;;;;;;;;;;;;;;x
PROV1211;Termes;;;;;;;;;;;;;;x
c_termes_adj;Termian;;;;;;;;;;;;;;x
PROV1213;Turbes;;;;;;;;;;;;;;x
c_turbes_adj;Turbian;;;;;;;;;;;;;;x
PROV1214;Amallobriga;;;;;;;;;;;;;;x
c_amallobriga_adj;Amallobrigan;;;;;;;;;;;;;;x
PROV1215;Brigaecium;;;;;;;;;;;;;;x
c_brigaecium_adj;Brigaecian;;;;;;;;;;;;;;x
PROV1216;Palantia;;;;;;;;;;;;;;x
c_palantia_adj;Palantian;;;;;;;;;;;;;;x
PROV1217;Aracelium;;;;;;;;;;;;;;x
c_aracelium_adj;Aracelian;;;;;;;;;;;;;;x
PROV1220;Turissa;;;;;;;;;;;;;;x
c_turissa_adj;Turissan;;;;;;;;;;;;;;x
PROV1221;Pityoussai;;;;;;;;;;;;;;x
c_ebusos_adj;Pityoussan;;;;;;;;;;;;;;x
PROV1222;Kromioussa;;;;;;;;;;;;;;x
c_cromiussa_adj;Kromioussan;;;;;;;;;;;;;;x
PROV1223;Nura;;;;;;;;;;;;;;x
c_nura_adj;Nuran;;;;;;;;;;;;;;x
PROV1224;Maleth;;;;;;;;;;;;;;x
c_maleth_adj;Maltese;;;;;;;;;;;;;;x
PROV1225;Noviodunum;;;;;;;;;;;;;;x
c_noviodunum_adj;Noviodunian;;;;;;;;;;;;;;x
PROV1226;Balbiacus;;;;;;;;;;;;;;x
c_balbiacus_adj;Balbiacian;;;;;;;;;;;;;;x
PROV1227;Noiodounon;;;;;;;;;;;;;;x
c_noiodounon_adj;Noiodounian;;;;;;;;;;;;;;x
PROV1228;Tauredunum;;;;;;;;;;;;;;x
c_tauredunum_adj;Tauredunian;;;;;;;;;;;;;;x
PROV1229;Basilia;;;;;;;;;;;;;;x
c_basilia_adj;Basilian;;;;;;;;;;;;;;x
PROV1230;Velatudurum;;;;;;;;;;;;;;x
c_velatudurum_adj;Velatudurian;;;;;;;;;;;;;;x
PROV1231;Isarnodunum;;;;;;;;;;;;;;x
c_isarnodunum_adj;Isarnodunian;;;;;;;;;;;;;;x
PROV1232;Ledo;;;;;;;;;;;;;;x
c_ledo_adj;Ledian;;;;;;;;;;;;;;x
PROV1233;Bibracte;;;;;;;;;;;;;;x
c_bibracte_adj;Bibractian;;;;;;;;;;;;;;x
PROV1234;Alesia;;;;;;;;;;;;;;x
c_alesia_adj;Alesian;;;;;;;;;;;;;;x
PROV1235;Autessiodurum;;;;;;;;;;;;;;x
c_autessiodurum_adj;Autessioduran;;;;;;;;;;;;;;x
PROV1236;Metiosedum;;;;;;;;;;;;;;x
c_metiosedum_adj;Metiosedian;;;;;;;;;;;;;;x
PROV1237;Durocatalaunum;;;;;;;;;;;;;;x
c_durocatalaunum_adj;Durocatalaunian;;;;;;;;;;;;;;x
PROV1238;Teodeberciaco;;;;;;;;;;;;;;x
c_teodeberciaco_adj;Teodeberciacan;;;;;;;;;;;;;;x
PROV1239;Vultaconum;;;;;;;;;;;;;;x
c_vultaconum_adj;Vultaconian;;;;;;;;;;;;;;x
PROV1240;Limonum;;;;;;;;;;;;;;x
c_limonum_adj;Limonian;;;;;;;;;;;;;;x
PROV1241;Rauranum;;;;;;;;;;;;;;x
c_rauranum_adj;Rauranian;;;;;;;;;;;;;;x
PROV1242;Mediolanum;;;;;;;;;;;;;;x
c_mediolanum_gaul_adj;Mediolanian;;;;;;;;;;;;;;x
PROV1243;Iculisma;;;;;;;;;;;;;;x
c_iculisma_adj;Iculisman;;;;;;;;;;;;;;x
PROV1244;Varatedo;;;;;;;;;;;;;;x
c_varatedo_adj;Varatedian;;;;;;;;;;;;;;x
PROV1245;Vesunna;;;;;;;;;;;;;;x
c_vesunna_adj;Vesunnan;;;;;;;;;;;;;;x
PROV1246;Aginnum;;;;;;;;;;;;;;x
c_aginnum_adj;Aginnian;;;;;;;;;;;;;;x
PROV1247;Divona;;;;;;;;;;;;;;x
c_divona_adj;Divonian;;;;;;;;;;;;;;x
PROV1248;Segodunum;;;;;;;;;;;;;;x
c_segodunum_adj;Segodunian;;;;;;;;;;;;;;x
PROV1249;Anderitum;;;;;;;;;;;;;;x
c_anderitum_adj;Anderitian;;;;;;;;;;;;;;x
PROV1250;Briggogalus;;;;;;;;;;;;;;x
c_briggogalus_adj;Briggogalian;;;;;;;;;;;;;;x
PROV1251;Gaudiaco;;;;;;;;;;;;;;x
c_gaudiaco_adj;Gaudiacian;;;;;;;;;;;;;;x
PROV1252;Segimovicus;;;;;;;;;;;;;;x
c_segimovicus_adj;Segimovician;;;;;;;;;;;;;;x
PROV1253;Avaricum;;;;;;;;;;;;;;x
c_avaricum_adj;Avarican;;;;;;;;;;;;;;x
PROV1254;Exilodunum;;;;;;;;;;;;;;x
c_exilodunum_adj;Exilodunian;;;;;;;;;;;;;;x
PROV1255;Argentomagus;;;;;;;;;;;;;;x
c_argentomagus_adj;Argentomagian;;;;;;;;;;;;;;x
PROV1256;Excidollum;;;;;;;;;;;;;;x
c_excidollum_adj;Excidollian;;;;;;;;;;;;;;x
PROV1257;Cavaniaco;;;;;;;;;;;;;;x
c_cavaniaco_adj;Cavaniacan;;;;;;;;;;;;;;x
PROV1258;Ricomagus;;;;;;;;;;;;;;x
c_ricomagus_adj;Ricomagian;;;;;;;;;;;;;;x
PROV1259;Rouession;;;;;;;;;;;;;;x
c_rouession_adj;Rouessian;;;;;;;;;;;;;;x
PROV1260;Ariolica;;;;;;;;;;;;;;x
c_ariolica_adj;Ariolican;;;;;;;;;;;;;;x
PROV1261;Rotomagus;;;;;;;;;;;;;;x # Start of Belgica
c_rotomagus_adj;Rotomagian;;;;;;;;;;;;;;x
PROV1262;Petromantulum;;;;;;;;;;;;;;x
c_petromantulum_adj;Petromantulan;;;;;;;;;;;;;;x
PROV1263;Iatonon;;;;;;;;;;;;;;x
c_iatonon_adj;Iatonian;;;;;;;;;;;;;;x
PROV1264;Isara;;;;;;;;;;;;;;x
c_isara_adj;Isaran;;;;;;;;;;;;;;x
PROV1265;Samarobriva;;;;;;;;;;;;;;x
c_samarobriva_adj;Samarobrivan;;;;;;;;;;;;;;x
PROV1266;Gesoriacum;;;;;;;;;;;;;;x
c_gesoriacum_adj;Gesoriacan;;;;;;;;;;;;;;x
PROV1267;Nemetacum;;;;;;;;;;;;;;x
c_nemetacum_adj;Nemetacian;;;;;;;;;;;;;;x
PROV1268;Tarvenna;;;;;;;;;;;;;;x
c_tarvenna_adj;Tarvennian;;;;;;;;;;;;;;x
PROV1269;Turnacum;;;;;;;;;;;;;;x
c_turnacum_adj;Turnacian;;;;;;;;;;;;;;x
PROV1270;Helinio;;;;;;;;;;;;;;x
c_helinio_adj;Helinian;;;;;;;;;;;;;;x
PROV1271;Durocotorum;;;;;;;;;;;;;;x
c_durocotorum_adj;Durocotorian;;;;;;;;;;;;;;x
PROV1272;Bibrax;;;;;;;;;;;;;;x
c_bibrax_adj;Bibraxian;;;;;;;;;;;;;;x
PROV1273;Bagacum;;;;;;;;;;;;;;x
c_bagacum_adj;Bagacian;;;;;;;;;;;;;;x
PROV1274;Geminiacum;;;;;;;;;;;;;;x
c_geminiacum_adj;Geminiacian;;;;;;;;;;;;;;x
PROV1275;Mosomagus;;;;;;;;;;;;;;x
c_mosomagus_adj;Mosomagian;;;;;;;;;;;;;;x
PROV1276;Nasium;;;;;;;;;;;;;;x
c_nasium_adj;Nasian;;;;;;;;;;;;;;x
PROV1277;Viriodunum;;;;;;;;;;;;;;x
c_viriodunum_adj;Viriodunian;;;;;;;;;;;;;;x
PROV1278;Divodurum;;;;;;;;;;;;;;x
c_divodurum_adj;Divodurian;;;;;;;;;;;;;;x
PROV1279;Argentorate;;;;;;;;;;;;;;x
c_argentorate_adj;Argentoratian;;;;;;;;;;;;;;x
PROV1280;Borbetomagus;;;;;;;;;;;;;;x
c_borbetomagus_adj;Borbetomagian;;;;;;;;;;;;;;x
PROV1281;Mogontiacum;;;;;;;;;;;;;;x
c_mogontiacum_adj;Mogontiacan;;;;;;;;;;;;;;x
PROV1282;Dumnissus;;;;;;;;;;;;;;x
c_dumnissus_adj;Dumnissian;;;;;;;;;;;;;;x
PROV1283;Contionacum;;;;;;;;;;;;;;x
c_contionacum_adj;Contionacan;;;;;;;;;;;;;;x
PROV1284;Bonna;;;;;;;;;;;;;;x
c_bonna_adj;Bonnian;;;;;;;;;;;;;;x
PROV1285;Belsonancum;;;;;;;;;;;;;;x
c_bolsonancum_adj;Bolsonancan;;;;;;;;;;;;;;x
PROV1286;Teudurum;;;;;;;;;;;;;;x
c_teudarum_adj;Teudarian;;;;;;;;;;;;;;x
PROV1287;Atuatuca;;;;;;;;;;;;;;x
c_atuatuca_adj;Atuatucian;;;;;;;;;;;;;;x
PROV1288;Batavodurum;;;;;;;;;;;;;;x
c_batavodurum_adj;Batavodurian;;;;;;;;;;;;;;x
PROV1289;Asciburgium;;;;;;;;;;;;;;x
c_asciburgium_adj;Asciburgian;;;;;;;;;;;;;;x
PROV1290;Novaesium;;;;;;;;;;;;;;x
c_novaesium_adj;Novaesian;;;;;;;;;;;;;;x
PROV1500;Lacus Pelso;;;;;;;;;;;;;;x
PROV1501;Stagnum Mastromela;;;;;;;;;;;;;;x
PROV1502;Lacus Eburodunensis;;;;;;;;;;;;;;x
PROV1503;Lacus Benacus;;;;;;;;;;;;;;x
PROV1504;Lacus Trasumennus;;;;;;;;;;;;;;x
PROV1505;Lacus Volsinii;;;;;;;;;;;;;;x
PROV1506;Lacus Sabatinus;;;;;;;;;;;;;;x
PROV1507;Maiotes Limne;;;;;;;;;;;;;;x
PROV1508;Podouke;;;;;;;;;;;;;;x
PROV1509;Paloura;;;;;;;;;;;;;;x
PROV1510;Lacus Raetiae;;;;;;;;;;;;;;x