PONTIFEX;Pontifex Maximus of Rome;;;;;;;;;;;;;;x
k_consul1;Consulship of Rome;;;;;;;;;;;;;;x
k_consul2;Consulship of Rome;;;;;;;;;;;;;;x
c_aemilii;House of the Aemilii;;;;;;;;;;;;;;x
c_claudii;House of the Claudii;;;;;;;;;;;;;;x
c_cornelii;House of the Cornelii;;;;;;;;;;;;;;x
c_fabii;House of the Fabii;;;;;;;;;;;;;;x
c_junii;House of the Junii;;;;;;;;;;;;;;x
c_marcii;House of the Marcii;;;;;;;;;;;;;;x
c_papirii;House of the Papirii;;;;;;;;;;;;;;x
c_plautii;House of the Plautii;;;;;;;;;;;;;;x
c_sulpicii;House of the Sulpicii;;;;;;;;;;;;;;x
c_valerii;House of the Valerii;;;;;;;;;;;;;;x